Tree ID,Common Name,Condition Class,Longitude,Latitude,Dbh 1,Dbh 2,Dbh 3,Dbh 4,Dbh 5,Dbh 6,ObservedBTMNests,DistancetoWater,Entry Source,Tree Type (Ornamental | Fruiting / Flowering | Bush),"Priority (1: High, 2: Med, 3: Low)"
130,Crabapple ,Good ,-69.63344511,44.55127084,10,...,...,...,...,...,75,>250' ,Bartlett Feb 2151,Fruiting / Flowering,1
101,Crabapple ,Fair ,-69.62973408,44.5495351,21,...,...,...,...,...,50,>250' ,Bartlett Feb 2122,Fruiting / Flowering,
59,Elm-American ,Good ,-69.6271305,44.55195911,4,...,...,...,...,...,50,<25' ,Bartlett Feb 2080,Ornamental,
105,Elm-American ,Good ,-69.62936061,44.54957609,42,...,...,...,...,...,50,>250' ,Bartlett Feb 2126,Ornamental,
353,Oak-Northern Red ,Good ,-69.66230072,44.52873009,24,...,...,...,...,...,50,>250' ,Bartlett Feb 2374,Ornamental,
388,Cherry-Black ,Poor ,-69.65900935,44.52789299,24,...,...,...,...,...,45,>250' ,Bartlett Feb 2409,Fruiting / Flowering,
406,Crabapple ,Good ,-69.66150693,44.52850077,14,...,...,...,...,...,40,>250' ,Bartlett Feb 2427,Fruiting / Flowering,
60,Elm-American ,Good ,-69.62717064,44.5521075,4,...,...,...,...,...,40,<25' ,Bartlett Feb 2081,Ornamental,
197,Pear-Callery ,Good ,-69.6301038,44.5681192,8,4,4,...,...,...,40,>250' ,Bartlett Feb 2218,Fruiting / Flowering,
63,Serviceberry ,Good ,-69.6270962,44.55225634,2,...,...,...,...,...,40,<25' ,Bartlett Feb 2084,Bush,
407,Crabapple ,Fair ,-69.66154058,44.52850708,10,...,...,...,...,...,35,>250' ,Bartlett Feb 2428,Fruiting / Flowering,
88,Elm-American ,Good ,-69.62727604,44.55224549,5,...,...,...,...,...,35,25-250' ,Bartlett Feb 2109,Ornamental,
632,Oak-Northern Red ,Fair ,-69.65262698,44.57611534,19,...,...,...,...,...,35,>250' ,Bartlett Feb 2610,Ornamental,
40,Birch-Paper ,Fair ,-69.62733975,44.55069452,8,6,4,...,...,...,30,25-250' ,Bartlett Feb 2061,Ornamental,
46,Crabapple ,Good ,-69.62782513,44.55110006,3,...,...,...,...,...,30,25-250' ,Bartlett Feb 2067,Fruiting / Flowering,
38,Crabapple ,Good ,-69.62748217,44.55064301,5,...,...,...,...,...,30,25-250' ,Bartlett Feb 2059,Fruiting / Flowering,
39,Crabapple ,Good ,-69.62744157,44.55065334,5,...,...,...,...,...,30,25-250' ,Bartlett Feb 2060,Fruiting / Flowering,
536,Oak-Northern Red ,Good ,-69.65270976,44.57625846,13,1...,...,...,...,...,30,>250' ,Bartlett Feb 2557,Ornamental,
539,Oak-Northern Red ,Good ,-69.65236748,44.57561059,14,1,...,...,...,...,30,>250' ,Bartlett Feb 2560,Ornamental,
409,Oak-Northern Red ,Good ,-69.66199199,44.52853189,18,...,...,...,...,...,30,>250' ,Bartlett Feb 2430,Ornamental,
385,Oak-Northern Red ,Fair ,-69.6602494,44.53418565,19,...,...,...,...,...,30,>250' ,Bartlett Feb 2406,Ornamental,
405,Oak-Northern Red ,Fair ,-69.64312021,44.53454138,22,...,...,...,...,...,30,25-250' ,Bartlett Feb 2426,Ornamental,
80,Serviceberry ,Good ,-69.6272928,44.5527073,1,...,...,...,...,...,30,<25' ,Bartlett Feb 2101,Bush,
103,Crabapple ,Good ,-69.62982312,44.54962414,8,...,...,...,...,...,25,>250' ,Bartlett Feb 2124,Fruiting / Flowering,
37,Crabapple ,Good ,-69.62752049,44.55065079,5,...,...,...,...,...,25,25-250' ,Bartlett Feb 2058,Fruiting / Flowering,
117,Elm-American ,Good ,-69.63316194,44.55088523,19,...,...,...,...,...,25,>250' ,Bartlett Feb 2138,Ornamental,
231,Elm-American ,Good ,-69.62812371,44.55040987,21,...,...,...,...,...,25,>250' ,Bartlett Feb 2252,Ornamental,
548,Oak-Northern Red ,Good ,-69.65218834,44.5743552,2,...,...,...,...,...,25,>250' ,Bartlett Feb 2569,Ornamental,
447,Oak-Northern Red ,Good ,-69.66124895,44.5277905,17,...,...,...,...,...,25,>250' ,Bartlett Feb 2468,Ornamental,
383,Oak-Northern Red ,Good ,-69.66060913,44.53424287,18,...,...,...,...,...,25,>250' ,Bartlett Feb 2404,Ornamental,
403,Oak-Northern Red ,Fair ,-69.64313773,44.53452574,18,17,...,...,...,...,25,25-250' ,Bartlett Feb 2424,Ornamental,
319,Oak-Northern Red ,Good ,-69.64238261,44.53506726,19,...,...,...,...,...,25,25-250' ,Bartlett Feb 2340,Ornamental,
77,Serviceberry ,Good ,-69.6272516,44.55264931,2,...,...,...,...,...,25,<25' ,Bartlett Feb 2098,Bush,
79,Serviceberry ,Good ,-69.62729552,44.55263123,2,...,...,...,...,...,25,<25' ,Bartlett Feb 2100,Bush,
394,Cherry-Black ,Fair ,-69.65940466,44.52692271,16,...,...,...,...,...,20,>250' ,Bartlett Feb 2415,Fruiting / Flowering,
36,Crabapple ,Good ,-69.62756106,44.55066051,4,...,...,...,...,...,20,25-250' ,Bartlett Feb 2057,Fruiting / Flowering,
35,Crabapple ,Good ,-69.62758786,44.55068272,6,...,...,...,...,...,20,25-250' ,Bartlett Feb 2056,Fruiting / Flowering,
89,Elm-American ,Good ,-69.62723581,44.55280444,3,...,...,...,...,...,20,<25' ,Bartlett Feb 2110,Ornamental,
95,Elm-American ,Good ,-69.62743323,44.55288368,4,...,...,...,...,...,20,25-250' ,Bartlett Feb 2116,Ornamental,
550,Oak-Northern Red ,Good ,-69.65206597,44.57404144,13,1...,1...,...,...,...,20,>250' ,Bartlett Feb 2571,Ornamental,
630,Oak-Northern Red ,Good ,-69.65267938,44.5761987,13,1...,...,...,...,...,20,>250' ,Bartlett Feb 2608,Ornamental,
645,Oak-Northern Red ,Good ,-69.65080745,44.57097762,15,...,...,...,...,...,20,>250' ,Bartlett Feb 2623,Ornamental,
642,Oak-Northern Red ,Good ,-69.65206423,44.57371678,16,...,...,...,...,...,20,>250' ,Bartlett Feb 2620,Ornamental,
556,Oak-Northern Red ,Good ,-69.65110417,44.57096406,20,...,...,...,...,...,20,>250' ,Bartlett Feb 2577,Ornamental,
629,Oak-Northern Red ,Good ,-69.65324524,44.57743118,25,...,...,...,...,...,20,>250' ,Bartlett Feb 2607,Ornamental,
404,Oak-Northern Red ,Good ,-69.64313456,44.53455674,21,...,...,...,...,...,20,25-250' ,Bartlett Feb 2425,Ornamental,
255,Oak-White ,Good ,-69.64359005,44.55103734,19,...,...,...,...,...,20,>250' ,Bartlett Feb 2276,Ornamental,
301,Pear-Callery ,Good ,-69.63062361,44.56818771,6,6,6,5,...,...,20,>250' ,Bartlett Feb 2322,Fruiting / Flowering,
199,Pear-Callery ,Fair ,-69.63042373,44.56816628,13,...,...,...,...,...,20,>250' ,Bartlett Feb 2220,Fruiting / Flowering,
200,Pear-Callery ,Fair ,-69.63052176,44.56818053,14,...,...,...,...,...,20,>250' ,Bartlett Feb 2221,Fruiting / Flowering,
196,Pear-Callery ,Poor ,-69.6299331,44.56809238,15,...,...,...,...,...,20,>250' ,Bartlett Feb 2217,Fruiting / Flowering,
547,Oak-Northern Red ,Good ,-69.65216823,44.57445103,12,...,...,...,...,...,18,>250' ,Bartlett Feb 2568,Ornamental,
557,Oak-Northern Red ,Good ,-69.65107462,44.57094074,14,...,...,...,...,...,18,>250' ,Bartlett Feb 2578,Ornamental,
480,Oak-Northern Red ,Good ,-69.65987791,44.52698536,14,...,...,...,...,...,18,25-250' ,Bartlett Feb 2501,Ornamental,
520,Oak-Northern Red ,Fair ,-69.65459088,44.57916694,16,15,12,11,9,...,16,>250' ,Bartlett Feb 2541,Ornamental,
413,Cherry-Black ,Fair ,-69.66215938,44.52860732,9,...,...,...,...,...,15,>250' ,Bartlett Feb 2434,Fruiting / Flowering,
224,Elm-American ,Fair ,-69.62820905,44.55183039,8,7,...,...,...,...,15,>250' ,Bartlett Feb 2245,Ornamental,
195,Elm-American ,Good ,-69.6427722,44.5509343,12,...,...,...,...,...,15,>250' ,Bartlett Feb 2216,Ornamental,
204,Elm-American ,Good ,-69.62762859,44.55329479,3,...,...,...,...,...,15,25-250' ,Bartlett Feb 2225,Ornamental,
202,Elm-American ,Good ,-69.62753091,44.55318014,4,...,...,...,...,...,15,25-250' ,Bartlett Feb 2223,Ornamental,
541,Oak-Northern Red ,Poor ,-69.65227054,44.57530671,10,...,...,...,...,...,15,>250' ,Bartlett Feb 2562,Ornamental,
504,Oak-Northern Red ,Good ,-69.65500414,44.57974918,12,...,...,...,...,...,15,>250' ,Bartlett Feb 2525,Ornamental,
529,Oak-Northern Red ,Good ,-69.65402914,44.57826316,12,...,...,...,...,...,15,>250' ,Bartlett Feb 2550,Ornamental,
277,Oak-Northern Red ,Good ,-69.64377073,44.53456225,13,...,...,...,...,...,15,>250' ,Bartlett Feb 2298,Ornamental,
644,Oak-Northern Red ,Good ,-69.65120883,44.57112587,14,...,...,...,...,...,15,>250' ,Bartlett Feb 2622,Ornamental,
530,Oak-Northern Red ,Good ,-69.65362163,44.57792831,17,...,...,...,...,...,15,>250' ,Bartlett Feb 2551,Ornamental,
612,Oak-Northern Red ,Good ,-69.65497412,44.58014626,18,...,...,...,...,...,15,>250' ,Bartlett Feb 2590,Ornamental,
555,Oak-Northern Red ,Good ,-69.65112297,44.57101406,20,...,...,...,...,...,15,>250' ,Bartlett Feb 2576,Ornamental,
613,Oak-Northern Red ,Good ,-69.6549539,44.5801069,20,...,...,...,...,...,15,>250' ,Bartlett Feb 2591,Ornamental,
639,Oak-Northern Red ,Fair ,-69.65200715,44.57447261,22,...,...,...,...,...,15,>250' ,Bartlett Feb 2617,Ornamental,
551,Oak-Northern Red ,Good ,-69.65209514,44.57396555,24,13,12,12,...,...,15,>250' ,Bartlett Feb 2572,Ornamental,
476,Oak-Northern Red ,Good ,-69.65981635,44.52698401,15,...,...,...,...,...,15,25-250' ,Bartlett Feb 2497,Ornamental,
402,Oak-Northern Red ,Poor ,-69.64311727,44.53453753,16,...,...,...,...,...,15,25-250' ,Bartlett Feb 2423,Ornamental,
397,Oak-Northern Red ,Good ,-69.65951182,44.52693367,20,...,...,...,...,...,15,25-250' ,Bartlett Feb 2418,Ornamental,
399,Oak-Northern Red ,Good ,-69.65967936,44.52694735,25,...,...,...,...,...,15,25-250' ,Bartlett Feb 2420,Ornamental,
198,Pear-Callery ,Poor ,-69.63023696,44.5681316,12,5,...,...,...,...,15,>250' ,Bartlett Feb 2219,Fruiting / Flowering,
532,Oak-Northern Red ,Good ,-69.65303682,44.5772068,15,...,...,...,...,...,14,>250' ,Bartlett Feb 2553,Ornamental,
343,Cherry-Black ,Good ,-69.66273079,44.52888795,6,...,...,...,...,...,13,>250' ,Bartlett Feb 2364,Fruiting / Flowering,
348,Cherry-Black ,Fair ,-69.66239343,44.52878788,11,...,...,...,...,...,12,>250' ,Bartlett Feb 2369,Fruiting / Flowering,
28,Elm-American ,Good ,-69.62758631,44.55079453,9,...,...,...,...,...,12,25-250' ,Bartlett Feb 2049,Ornamental,
331,Elm-American ,Good ,-69.64267103,44.53471302,20,...,...,...,...,...,12,25-250' ,Bartlett Feb 2352,Ornamental,
492,Oak-Northern Red ,Good ,-69.6559364,44.5805621,12,...,...,...,...,...,12,>250' ,Bartlett Feb 2513,Ornamental,
538,Oak-Northern Red ,Fair ,-69.65234994,44.5756568,14,...,...,...,...,...,12,>250' ,Bartlett Feb 2559,Ornamental,
393,Oak-Northern Red ,Good ,-69.65937963,44.52722559,13,...,...,...,...,...,11,>250' ,Bartlett Feb 2414,Ornamental,
320,Oak-Northern Red ,Good ,-69.64236979,44.53506288,20,...,...,...,...,...,11,25-250' ,Bartlett Feb 2341,Ornamental,
448,Cherry-Black ,Poor ,-69.66127637,44.52777909,7,6,...,...,...,...,10,>250' ,Bartlett Feb 2469,Fruiting / Flowering,
445,Cherry-Black ,Fair ,-69.66015207,44.53420321,10,9,...,...,...,...,10,>250' ,Bartlett Feb 2466,Fruiting / Flowering,
351,Cherry-Black ,Poor ,-69.66236943,44.52873184,12,12,...,...,...,...,10,>250' ,Bartlett Feb 2372,Fruiting / Flowering,
350,Cherry-Black ,Poor ,-69.66235045,44.52875797,13,...,...,...,...,...,10,>250' ,Bartlett Feb 2371,Fruiting / Flowering,
299,Cherry-Black ,Fair ,-69.64310509,44.5346416,6,...,...,...,...,...,10,25-250' ,Bartlett Feb 2320,Fruiting / Flowering,
30,Crabapple ,Good ,-69.62748159,44.55081456,5,...,...,...,...,...,10,25-250' ,Bartlett Feb 2051,Fruiting / Flowering,
32,Elm-American ,Good ,-69.62774616,44.55068667,5,...,...,...,...,...,10,25-250' ,Bartlett Feb 2053,Ornamental,
339,Maple-Sugar ,Good ,-69.6629997,44.52905155,10,...,...,...,...,...,10,>250' ,Bartlett Feb 2360,Fruiting / Flowering,
401,Maple-Sugar ,Good ,-69.64319637,44.53456748,19,...,...,...,...,...,10,25-250' ,Bartlett Feb 2422,Fruiting / Flowering,
608,Oak-Northern Red ,Good ,-69.65513893,44.58027553,11,...,...,...,...,...,10,>250' ,Bartlett Feb 2586,Ornamental,
638,Oak-Northern Red ,Fair ,-69.65206818,44.57468374,11,...,...,...,...,...,10,>250' ,Bartlett Feb 2616,Ornamental,
534,Oak-Northern Red ,Good ,-69.65293689,44.57690561,14,...,...,...,...,...,10,>250' ,Bartlett Feb 2555,Ornamental,
606,Oak-Northern Red ,Good ,-69.65516585,44.58030435,14,...,...,...,...,...,10,>250' ,Bartlett Feb 2584,Ornamental,
634,Oak-Northern Red ,Good ,-69.65230512,44.57544751,14,...,...,...,...,...,10,>250' ,Bartlett Feb 2612,Ornamental,
615,Oak-Northern Red ,Good ,-69.65495702,44.58006617,15,...,...,...,...,...,10,>250' ,Bartlett Feb 2593,Ornamental,
395,Oak-Northern Red ,Good ,-69.65942426,44.52694902,16,...,...,...,...,...,10,>250' ,Bartlett Feb 2416,Ornamental,
643,Oak-Northern Red ,Good ,-69.65133159,44.5721718,16,...,...,...,...,...,10,>250' ,Bartlett Feb 2621,Ornamental,
611,Oak-Northern Red ,Good ,-69.65504533,44.58020694,17,...,...,...,...,...,10,>250' ,Bartlett Feb 2589,Ornamental,
603,Oak-Northern Red ,Good ,-69.65520689,44.58040052,19,18,...,...,...,...,10,>250' ,Bartlett Feb 2581,Ornamental,
329,Oak-Northern Red ,Good ,-69.64257227,44.53476168,21,...,...,...,...,...,10,25-250' ,Bartlett Feb 2350,Ornamental,
426,Poplar-Aspen ,Fair ,-69.65900227,44.5341433,8,...,...,...,...,...,10,>250' ,Bartlett Feb 2447,Ornamental,
427,Poplar-Aspen ,Good ,-69.6590225,44.53414999,10,...,...,...,...,...,10,>250' ,Bartlett Feb 2448,Ornamental,
428,Poplar-Aspen ,Fair ,-69.65908337,44.53413742,14,...,...,...,...,...,10,>250' ,Bartlett Feb 2449,Ornamental,
62,Serviceberry ,Good ,-69.62710292,44.5522326,2,...,...,...,...,...,10,<25' ,Bartlett Feb 2083,Bush,
531,Oak-Northern Red ,Good ,-69.65336166,44.57763509,9,...,...,...,...,...,9,>250' ,Bartlett Feb 2552,Ornamental,
544,Oak-Northern Red ,Good ,-69.65241095,44.57498831,10,...,...,...,...,...,9,>250' ,Bartlett Feb 2565,Ornamental,
545,Oak-Northern Red ,Fair ,-69.65236595,44.57493243,12,...,...,...,...,...,9,>250' ,Bartlett Feb 2566,Ornamental,
512,Oak-Northern Red ,Poor ,-69.65478777,44.57963848,14,...,...,...,...,...,9,>250' ,Bartlett Feb 2533,Ornamental,
537,Oak-Northern Red ,Good ,-69.65268259,44.57623676,16,...,...,...,...,...,9,>250' ,Bartlett Feb 2558,Ornamental,
474,Cherry-Black ,Poor ,-69.65973543,44.52693721,14,...,...,...,...,...,8,25-250' ,Bartlett Feb 2495,Fruiting / Flowering,
528,Oak-Northern Red ,Good ,-69.65427843,44.57851488,7,...,...,...,...,...,8,>250' ,Bartlett Feb 2549,Ornamental,
533,Oak-Northern Red ,Fair ,-69.65306835,44.57720163,16,...,...,...,...,...,8,>250' ,Bartlett Feb 2554,Ornamental,
478,Oak-Northern Red ,Good ,-69.65984036,44.52696524,13,...,...,...,...,...,8,25-250' ,Bartlett Feb 2499,Ornamental,
345,Elm-American ,Good ,-69.66260402,44.52888256,6,...,...,...,...,...,7,>250' ,Bartlett Feb 2366,Ornamental,
114,Elm-Chinese ,Fair ,-69.63295252,44.55078112,8,...,...,...,...,...,7,>250' ,Bartlett Feb 2135,Ornamental,
636,Oak-Northern Red ,Good ,-69.65230187,44.57540352,6,...,...,...,...,...,7,>250' ,Bartlett Feb 2614,Ornamental,
526,Oak-Northern Red ,Good ,-69.65439304,44.57881204,11,...,...,...,...,...,7,>250' ,Bartlett Feb 2547,Ornamental,
535,Oak-Northern Red ,Good ,-69.65277791,44.57631,13,8,...,...,...,...,7,>250' ,Bartlett Feb 2556,Ornamental,
524,Oak-Northern Red ,Fair ,-69.65433897,44.57864415,14,...,...,...,...,...,7,>250' ,Bartlett Feb 2545,Ornamental,
641,Oak-Northern Red ,Fair ,-69.65195175,44.57416678,14,...,...,...,...,...,7,>250' ,Bartlett Feb 2619,Ornamental,
640,Oak-Northern Red ,Good ,-69.65199138,44.57436582,23,...,...,...,...,...,7,>250' ,Bartlett Feb 2618,Ornamental,
90,Elm-American ,Good ,-69.62718586,44.55285557,4,...,...,...,...,...,6,<25' ,Bartlett Feb 2111,Ornamental,
540,Oak-Northern Red ,Poor ,-69.65226799,44.57530906,10,...,...,...,...,...,6,>250' ,Bartlett Feb 2561,Ornamental,
543,Oak-Northern Red ,Good ,-69.65225454,44.57537905,10,...,...,...,...,...,6,>250' ,Bartlett Feb 2564,Ornamental,
546,Oak-Northern Red ,Fair ,-69.65229843,44.57468022,10,...,...,...,...,...,6,>250' ,Bartlett Feb 2567,Ornamental,
519,Oak-Northern Red ,Good ,-69.6546466,44.57937535,11,8,...,...,...,...,6,>250' ,Bartlett Feb 2540,Ornamental,
525,Oak-Northern Red ,Fair ,-69.65439971,44.57876519,12,...,...,...,...,...,6,>250' ,Bartlett Feb 2546,Ornamental,
374,Oak-Northern Red ,Good ,-69.66076598,44.53402736,13,...,...,...,...,...,6,>250' ,Bartlett Feb 2395,Ornamental,
552,Oak-Northern Red ,Fair ,-69.65206606,44.57393026,17,...,...,...,...,...,6,>250' ,Bartlett Feb 2573,Ornamental,
326,Oak-Northern Red ,Good ,-69.6425897,44.53476084,19,...,...,...,...,...,6,25-250' ,Bartlett Feb 2347,Ornamental,
489,Poplar-Bigtooth Aspen ,Good ,-69.65621874,44.58058279,14,...,...,...,...,...,6,>250' ,Bartlett Feb 2510,Ornamental,
458,Cherry-Black ,Poor ,-69.66122492,44.52740095,8,...,...,...,...,...,5,>250' ,Bartlett Feb 2479,Fruiting / Flowering,
455,Cherry-Black ,Fair ,-69.66126843,44.52750085,10,...,...,...,...,...,5,>250' ,Bartlett Feb 2476,Fruiting / Flowering,
352,Cherry-Black ,Poor ,-69.66231483,44.52871846,12,11,...,...,...,...,5,>250' ,Bartlett Feb 2373,Fruiting / Flowering,
477,Cherry-Black ,Poor ,-69.65983454,44.52693969,12,...,...,...,...,...,5,25-250' ,Bartlett Feb 2498,Fruiting / Flowering,
311,Elm-American ,Fair ,-69.64232827,44.53535187,15,...,...,...,...,...,5,25-250' ,Bartlett Feb 2332,Ornamental,
206,Maple-Sugar ,Good ,-69.62812148,44.55318007,14,...,...,...,...,...,5,>250' ,Bartlett Feb 2227,Fruiting / Flowering,
207,Maple-Sugar ,Fair ,-69.62813864,44.55320396,14,12,6,6,5,5,5,>250' ,Bartlett Feb 2228,Fruiting / Flowering,
444,Oak-Northern Red ,Good ,-69.66005798,44.53416864,6,...,...,...,...,...,5,>250' ,Bartlett Feb 2465,Ornamental,
631,Oak-Northern Red ,Good ,-69.65265739,44.57618217,8,...,...,...,...,...,5,>250' ,Bartlett Feb 2609,Ornamental,
637,Oak-Northern Red ,Good ,-69.65211925,44.57474833,8,...,...,...,...,...,5,>250' ,Bartlett Feb 2615,Ornamental,
553,Oak-Northern Red ,Good ,-69.65205625,44.57379336,9,...,...,...,...,...,5,>250' ,Bartlett Feb 2574,Ornamental,
610,Oak-Northern Red ,Good ,-69.65504194,44.58023014,9,...,...,...,...,...,5,>250' ,Bartlett Feb 2588,Ornamental,
635,Oak-Northern Red ,Good ,-69.65229882,44.57544782,11,...,...,...,...,...,5,>250' ,Bartlett Feb 2613,Ornamental,
633,Oak-Northern Red ,Good ,-69.65229111,44.5754978,13,...,...,...,...,...,5,>250' ,Bartlett Feb 2611,Ornamental,
607,Oak-Northern Red ,Good ,-69.65506126,44.5802936,17,...,...,...,...,...,5,>250' ,Bartlett Feb 2585,Ornamental,
45,Oak-Northern Red ,Fair ,-69.62771206,44.55104351,3,...,...,...,...,...,5,25-250' ,Bartlett Feb 2066,Ornamental,
423,Poplar-Aspen ,Poor ,-69.65893409,44.53416552,16,...,...,...,...,...,5,>250' ,Bartlett Feb 2444,Ornamental,
74,Serviceberry ,Good ,-69.62718877,44.55265543,1,...,...,...,...,...,5,<25' ,Bartlett Feb 2095,Bush,
64,Serviceberry ,Good ,-69.62713603,44.55225725,2,...,...,...,...,...,5,<25' ,Bartlett Feb 2085,Bush,
75,Serviceberry ,Good ,-69.62716118,44.55267326,2,...,...,...,...,...,5,<25' ,Bartlett Feb 2096,Bush,
349,Cherry-Black ,Fair ,-69.66239035,44.52876396,6,...,...,...,...,...,4,>250' ,Bartlett Feb 2370,Fruiting / Flowering,
341,Cherry-Black ,Good ,-69.66287648,44.52895554,7,...,...,...,...,...,4,>250' ,Bartlett Feb 2362,Fruiting / Flowering,
338,Cherry-Black ,Good ,-69.66311098,44.52912631,10,...,...,...,...,...,4,>250' ,Bartlett Feb 2359,Fruiting / Flowering,
121,Elm-American ,Good ,-69.63349676,44.55082061,3,...,...,...,...,...,4,>250' ,Bartlett Feb 2142,Ornamental,
24,Elm-American ,Good ,-69.62791142,44.55080465,5,...,...,...,...,...,4,25-250' ,Bartlett Feb 2045,Ornamental,
33,Elm-American ,Good ,-69.62770598,44.55062902,5,...,...,...,...,...,4,25-250' ,Bartlett Feb 2054,Ornamental,
25,Elm-American ,Fair ,-69.62783225,44.55077055,6,...,...,...,...,...,4,25-250' ,Bartlett Feb 2046,Ornamental,
278,Maple-Boxelder ,Fair ,-69.64368187,44.53447497,9,...,...,...,...,...,4,25-250' ,Bartlett Feb 2299,Ornamental,
309,Maple-Freeman's ,Good ,-69.63857977,44.53810995,19,...,...,...,...,...,4,>250' ,Bartlett Feb 2330,Ornamental,
225,Maple-Norway ,Good ,-69.62822185,44.55167588,11,...,...,...,...,...,4,>250' ,Bartlett Feb 2246,Ornamental,
521,Oak-Northern Red ,Good ,-69.65453839,44.57912047,9,...,...,...,...,...,4,>250' ,Bartlett Feb 2542,Ornamental,
605,Oak-Northern Red ,Poor ,-69.65517702,44.58034696,9,...,...,...,...,...,4,>250' ,Bartlett Feb 2583,Ornamental,
269,Oak-Northern Red ,Poor ,-69.63114357,44.56742048,10,...,...,...,...,...,4,>250' ,Bartlett Feb 2290,Ornamental,
498,Oak-Northern Red ,Good ,-69.65520196,44.58017348,11,...,...,...,...,...,4,>250' ,Bartlett Feb 2519,Ornamental,
602,Oak-Northern Red ,Good ,-69.65525538,44.58039947,12,...,...,...,...,...,4,>250' ,Bartlett Feb 2580,Ornamental,
554,Oak-Northern Red ,Good ,-69.65146319,44.57196822,14,...,...,...,...,...,4,>250' ,Bartlett Feb 2575,Ornamental,
486,Poplar-Aspen ,Poor ,-69.66025894,44.52700934,9,...,...,...,...,...,4,25-250' ,Bartlett Feb 2507,Ornamental,
483,Poplar-Aspen ,Poor ,-69.66013014,44.52703605,13,...,...,...,...,...,4,25-250' ,Bartlett Feb 2504,Ornamental,
380,Poplar-Bigtooth Aspen ,Good ,-69.66074205,44.53421557,6,...,...,...,...,...,4,>250' ,Bartlett Feb 2401,Ornamental,
303,Birch-Paper ,Good ,-69.63103176,44.56764717,8,...,...,...,...,...,3,>250' ,Bartlett Feb 2324,Ornamental,
461,Cherry-Black ,Fair ,-69.6610809,44.52735703,7,...,...,...,...,...,3,>250' ,Bartlett Feb 2482,Fruiting / Flowering,
342,Crabapple ,Fair ,-69.66285218,44.52892573,8,...,...,...,...,...,3,>250' ,Bartlett Feb 2363,Fruiting / Flowering,
29,Crabapple ,Good ,-69.62753555,44.55082304,5,...,...,...,...,...,3,25-250' ,Bartlett Feb 2050,Fruiting / Flowering,
340,Elm-American ,Good ,-69.66299602,44.52903794,10,...,...,...,...,...,3,>250' ,Bartlett Feb 2361,Ornamental,
318,Maple-Norway ,Fair ,-69.64236807,44.53519495,20,...,...,...,...,...,3,25-250' ,Bartlett Feb 2339,Ornamental,
254,Maple-Red ,Good ,-69.64630032,44.56156175,5,...,...,...,...,...,3,25-250' ,Bartlett Feb 2275,Ornamental,
100,Maple-Sugar ,Good ,-69.62750334,44.55304226,3,...,...,...,...,...,3,25-250' ,Bartlett Feb 2121,Fruiting / Flowering,
604,Oak-Northern Red ,Good ,-69.65523216,44.58035712,8,...,...,...,...,...,3,>250' ,Bartlett Feb 2582,Ornamental,
304,Oak-Northern Red ,Good ,-69.6310976,44.56743681,9,...,...,...,...,...,3,>250' ,Bartlett Feb 2325,Ornamental,
542,Oak-Northern Red ,Good ,-69.65227066,44.5753565,9,...,...,...,...,...,3,>250' ,Bartlett Feb 2563,Ornamental,
549,Oak-Northern Red ,Good ,-69.6521466,44.57431279,12,...,...,...,...,...,3,>250' ,Bartlett Feb 2570,Ornamental,
42,Oak-Northern Red ,Good ,-69.62754872,44.55106704,3,...,...,...,...,...,3,25-250' ,Bartlett Feb 2063,Ornamental,
502,Poplar-Aspen ,Good ,-69.65513832,44.58004836,16,...,...,...,...,...,3,>250' ,Bartlett Feb 2523,Ornamental,
501,Poplar-Aspen ,Good ,-69.65517166,44.58005571,19,...,...,...,...,...,3,>250' ,Bartlett Feb 2522,Ornamental,
485,Poplar-Aspen ,Fair ,-69.66027416,44.52701462,8,...,...,...,...,...,3,25-250' ,Bartlett Feb 2506,Ornamental,
382,Poplar-Bigtooth Aspen ,Poor ,-69.66069974,44.5341746,6,...,...,...,...,...,3,>250' ,Bartlett Feb 2403,Ornamental,
488,Poplar-Bigtooth Aspen ,Good ,-69.65624894,44.58060958,12,...,...,...,...,...,3,>250' ,Bartlett Feb 2509,Ornamental,
6,Ash-Green ,Good ,-69.64632605,44.56190566,13,...,...,...,...,...,2,25-250' ,Bartlett Feb 2027,Ornamental,
510,Ash-White ,Good ,-69.65466363,44.57903512,10,...,...,...,...,...,2,>250' ,Bartlett Feb 2531,Ornamental,
51,Birch-River ,Good ,-69.6271846,44.55128731,3,3,1,1,...,...,2,<25' ,Bartlett Feb 2072,Ornamental,
61,Birch-River ,Good ,-69.62708465,44.55221229,3,1,1,1,1,1,2,<25' ,Bartlett Feb 2082,Ornamental,
68,Birch-River ,Good ,-69.62720395,44.55240169,3,2,1,...,...,...,2,<25' ,Bartlett Feb 2089,Ornamental,
70,Birch-River ,Good ,-69.62720547,44.55246532,3,3,1,...,...,...,2,<25' ,Bartlett Feb 2091,Ornamental,
71,Birch-River ,Good ,-69.6272434,44.55249004,3,2,2,...,...,...,2,<25' ,Bartlett Feb 2092,Ornamental,
56,Birch-River ,Good ,-69.62715524,44.55162685,4,2,1,...,...,...,2,<25' ,Bartlett Feb 2077,Ornamental,
58,Birch-River ,Good ,-69.62714661,44.55170741,4,4,3,1,...,...,2,<25' ,Bartlett Feb 2079,Ornamental,
48,Birch-River ,Good ,-69.62718863,44.55115757,3,3,...,...,...,...,2,25-250' ,Bartlett Feb 2069,Ornamental,
49,Birch-River ,Good ,-69.62722403,44.55123127,3,3,2,2,...,...,2,25-250' ,Bartlett Feb 2070,Ornamental,
344,Cherry-Black ,Good ,-69.66265294,44.52884177,5,...,...,...,...,...,2,>250' ,Bartlett Feb 2365,Fruiting / Flowering,
354,Cherry-Black ,Fair ,-69.66227158,44.52868892,7,...,...,...,...,...,2,>250' ,Bartlett Feb 2375,Fruiting / Flowering,
459,Cherry-Black ,Poor ,-69.66119577,44.5274077,8,...,...,...,...,...,2,>250' ,Bartlett Feb 2480,Fruiting / Flowering,
355,Cherry-Black ,Fair ,-69.66226028,44.52868306,9,...,...,...,...,...,2,>250' ,Bartlett Feb 2376,Fruiting / Flowering,
384,Crabapple ,Fair ,-69.66054024,44.53417572,8,...,...,...,...,...,2,>250' ,Bartlett Feb 2405,Fruiting / Flowering,
31,Crabapple ,Good ,-69.62746248,44.55081672,5,...,...,...,...,...,2,25-250' ,Bartlett Feb 2052,Fruiting / Flowering,
122,Elm-American ,Good ,-69.63363084,44.55084216,4,...,...,...,...,...,2,>250' ,Bartlett Feb 2143,Ornamental,
123,Elm-American ,Good ,-69.63375148,44.55085845,8,...,...,...,...,...,2,>250' ,Bartlett Feb 2144,Ornamental,
335,Elm-American ,Poor ,-69.6427559,44.53467235,12,...,...,...,...,...,2,25-250' ,Bartlett Feb 2356,Ornamental,
106,Linden-Littleleaf ,Good ,-69.62918076,44.54953646,2,...,...,...,...,...,2,>250' ,Bartlett Feb 2127,Fruiting / Flowering,
234,Maple-Boxelder ,Poor ,-69.62833024,44.55019436,14,...,...,...,...,...,2,>250' ,Bartlett Feb 2255,Ornamental,
279,Maple-Boxelder ,Fair ,-69.64368957,44.53447074,12,...,...,...,...,...,2,25-250' ,Bartlett Feb 2300,Ornamental,
265,Maple-Freeman's ,Good ,-69.63054984,44.56715868,14,...,...,...,...,...,2,>250' ,Bartlett Feb 2286,Ornamental,
262,Maple-Freeman's ,Good ,-69.63026018,44.56711401,18,...,...,...,...,...,2,>250' ,Bartlett Feb 2283,Ornamental,
421,Maple-Norway ,Fair ,-69.65886908,44.53409077,7,...,...,...,...,...,2,>250' ,Bartlett Feb 2442,Ornamental,
363,Maple-Norway ,Good ,-69.66046955,44.53369862,8,...,...,...,...,...,2,>250' ,Bartlett Feb 2384,Ornamental,
215,Maple-Norway ,Fair ,-69.62819122,44.55231878,9,...,...,...,...,...,2,>250' ,Bartlett Feb 2236,Ornamental,
210,Maple-Norway ,Good ,-69.62817355,44.55267313,10,8,7,6,...,...,2,>250' ,Bartlett Feb 2231,Ornamental,
214,Maple-Norway ,Good ,-69.62820363,44.55232415,10,8,7,...,...,...,2,>250' ,Bartlett Feb 2235,Ornamental,
220,Maple-Norway ,Good ,-69.62818192,44.55213462,10,6,...,...,...,...,2,>250' ,Bartlett Feb 2241,Ornamental,
223,Maple-Norway ,Poor ,-69.62822573,44.55196625,10,...,...,...,...,...,2,>250' ,Bartlett Feb 2244,Ornamental,
227,Maple-Norway ,Good ,-69.62822185,44.55153132,12,...,...,...,...,...,2,>250' ,Bartlett Feb 2248,Ornamental,
361,Maple-Norway ,Good ,-69.66043364,44.53360227,12,...,...,...,...,...,2,>250' ,Bartlett Feb 2382,Ornamental,
221,Maple-Norway ,Good ,-69.6281979,44.55212828,13,1...,...,...,...,...,2,>250' ,Bartlett Feb 2242,Ornamental,
175,Maple-Norway ,Good ,-69.64617043,44.56322208,14,...,...,...,...,...,2,>250' ,Bartlett Feb 2196,Ornamental,
209,Maple-Norway ,Good ,-69.62817362,44.55274113,14,11,11,...,...,...,2,>250' ,Bartlett Feb 2230,Ornamental,
176,Maple-Norway ,Good ,-69.64633235,44.56335366,15,...,...,...,...,...,2,>250' ,Bartlett Feb 2197,Ornamental,
296,Maple-Norway ,Good ,-69.64320039,44.53460532,8,...,...,...,...,...,2,25-250' ,Bartlett Feb 2317,Ornamental,
328,Maple-Norway ,Fair ,-69.64270538,44.53475359,9,...,...,...,...,...,2,25-250' ,Bartlett Feb 2349,Ornamental,
282,Maple-Norway ,Good ,-69.64356065,44.53453711,10,...,...,...,...,...,2,25-250' ,Bartlett Feb 2303,Ornamental,
337,Maple-Norway ,Good ,-69.66145628,44.5296817,18,...,...,...,...,...,2,25-250' ,Bartlett Feb 2358,Ornamental,
609,Maple-Red ,Good ,-69.6551006,44.58026169,7,...,...,...,...,...,2,>250' ,Bartlett Feb 2587,Ornamental,
435,Maple-Red ,Fair ,-69.65919484,44.53417385,14,14,1...,8,8,7,2,>250' ,Bartlett Feb 2456,Ornamental,
134,Maple-Sugar ,Good ,-69.63581713,44.54761293,5,...,...,...,...,...,2,>250' ,Bartlett Feb 2155,Fruiting / Flowering,
246,Maple-Sugar ,Good ,-69.64528497,44.56175893,7,...,...,...,...,...,2,>250' ,Bartlett Feb 2267,Fruiting / Flowering,
247,Maple-Sugar ,Good ,-69.64539458,44.56167186,7,...,...,...,...,...,2,>250' ,Bartlett Feb 2268,Fruiting / Flowering,
268,Maple-Sugar ,Poor ,-69.63086446,44.56725279,10,...,...,...,...,...,2,>250' ,Bartlett Feb 2289,Fruiting / Flowering,
96,Maple-Sugar ,Good ,-69.62744377,44.55283141,3,...,...,...,...,...,2,25-250' ,Bartlett Feb 2117,Fruiting / Flowering,
98,Maple-Sugar ,Good ,-69.6273906,44.55294809,3,...,...,...,...,...,2,25-250' ,Bartlett Feb 2119,Fruiting / Flowering,
99,Maple-Sugar ,Good ,-69.62746233,44.55296135,3,...,...,...,...,...,2,25-250' ,Bartlett Feb 2120,Fruiting / Flowering,
201,Maple-Sugar ,Good ,-69.62743727,44.55309552,3,...,...,...,...,...,2,25-250' ,Bartlett Feb 2222,Fruiting / Flowering,
91,Oak-Northern Red ,Good ,-69.62719854,44.55291042,3,...,...,...,...,...,2,<25' ,Bartlett Feb 2112,Ornamental,
495,Oak-Northern Red ,Good ,-69.65590094,44.58044206,4,...,...,...,...,...,2,>250' ,Bartlett Feb 2516,Ornamental,
367,Oak-Northern Red ,Fair ,-69.66053115,44.53378262,5,...,...,...,...,...,2,>250' ,Bartlett Feb 2388,Ornamental,
494,Oak-Northern Red ,Good ,-69.65588901,44.58049187,6,...,...,...,...,...,2,>250' ,Bartlett Feb 2515,Ornamental,
499,Oak-Northern Red ,Good ,-69.65518239,44.58016492,6,...,...,...,...,...,2,>250' ,Bartlett Feb 2520,Ornamental,
386,Oak-Northern Red ,Good ,-69.66018735,44.53423968,7,...,...,...,...,...,2,>250' ,Bartlett Feb 2407,Ornamental,
601,Oak-Northern Red ,Good ,-69.65527727,44.58044174,7,...,...,...,...,...,2,>250' ,Bartlett Feb 2579,Ornamental,
500,Oak-Northern Red ,Good ,-69.65520043,44.58015056,8,...,...,...,...,...,2,>250' ,Bartlett Feb 2521,Ornamental,
527,Oak-Northern Red ,Good ,-69.6543411,44.57859909,8,...,...,...,...,...,2,>250' ,Bartlett Feb 2548,Ornamental,
523,Oak-Northern Red ,Good ,-69.65451481,44.57905045,10,...,...,...,...,...,2,>250' ,Bartlett Feb 2544,Ornamental,
302,Oak-Northern Red ,Good ,-69.63101194,44.56768366,11,...,...,...,...,...,2,>250' ,Bartlett Feb 2323,Ornamental,
628,Oak-Northern Red ,Good ,-69.65458121,44.57921965,11,...,...,...,...,...,2,>250' ,Bartlett Feb 2606,Ornamental,
44,Oak-Northern Red ,Poor ,-69.62778401,44.55094834,2,...,...,...,...,...,2,25-250' ,Bartlett Feb 2065,Ornamental,
47,Oak-Northern Red ,Good ,-69.62743392,44.5511538,3,...,...,...,...,...,2,25-250' ,Bartlett Feb 2068,Ornamental,
433,Poplar-Aspen ,Fair ,-69.65900871,44.53403201,6,...,...,...,...,...,2,>250' ,Bartlett Feb 2454,Ornamental,
464,Poplar-Aspen ,Fair ,-69.66074716,44.52720981,6,...,...,...,...,...,2,>250' ,Bartlett Feb 2485,Ornamental,
470,Poplar-Aspen ,Good ,-69.66046343,44.52706387,9,...,...,...,...,...,2,>250' ,Bartlett Feb 2491,Ornamental,
381,Poplar-Bigtooth Aspen ,Good ,-69.66071334,44.53418194,7,...,...,...,...,...,2,>250' ,Bartlett Feb 2402,Ornamental,
472,Poplar-Bigtooth Aspen ,Fair ,-69.66031406,44.52703225,12,...,...,...,...,...,2,>250' ,Bartlett Feb 2493,Ornamental,
12,Ash-Black ,Fair ,-69.64589251,44.56243805,7,...,...,...,...,...,0,>250' ,Bartlett Feb 2033,Ornamental,
13,Ash-Black ,Good ,-69.646085,44.56239003,7,...,...,...,...,...,0,>250' ,Bartlett Feb 2034,Ornamental,
11,Ash-Black ,Fair ,-69.64594883,44.5624836,9,...,...,...,...,...,0,>250' ,Bartlett Feb 2032,Ornamental,
208,Ash-Black ,Good ,-69.62809589,44.55312133,10,1...,8,...,...,...,0,>250' ,Bartlett Feb 2229,Ornamental,
415,Ash-Green ,Good ,-69.66212271,44.52864173,5,...,...,...,...,...,0,>250' ,Bartlett Feb 2436,Ornamental,
419,Ash-Green ,Good ,-69.66228142,44.52871313,5,...,...,...,...,...,0,>250' ,Bartlett Feb 2440,Ornamental,
453,Ash-Green ,Good ,-69.66127985,44.52756641,5,...,...,...,...,...,0,>250' ,Bartlett Feb 2474,Ornamental,
414,Ash-Green ,Good ,-69.66212275,44.52862035,6,...,...,...,...,...,0,>250' ,Bartlett Feb 2435,Ornamental,
450,Ash-Green ,Good ,-69.66125741,44.52765066,6,...,...,...,...,...,0,>250' ,Bartlett Feb 2471,Ornamental,
454,Ash-Green ,Good ,-69.66127555,44.52751999,6,...,...,...,...,...,0,>250' ,Bartlett Feb 2475,Ornamental,
360,Ash-Green ,Good ,-69.66036438,44.5335723,7,...,...,...,...,...,0,>250' ,Bartlett Feb 2381,Ornamental,
451,Ash-Green ,Good ,-69.66131876,44.52755742,7,5,...,...,...,...,0,>250' ,Bartlett Feb 2472,Ornamental,
452,Ash-Green ,Good ,-69.6613195,44.52755911,7,...,...,...,...,...,0,>250' ,Bartlett Feb 2473,Ornamental,
462,Ash-Green ,Good ,-69.66091603,44.52730561,8,...,...,...,...,...,0,>250' ,Bartlett Feb 2483,Ornamental,
148,Ash-Green ,Fair ,-69.63278761,44.54601561,9,...,...,...,...,...,0,>250' ,Bartlett Feb 2169,Ornamental,
418,Ash-Green ,Good ,-69.66224096,44.52869393,10,...,...,...,...,...,0,>250' ,Bartlett Feb 2439,Ornamental,
14,Ash-Green ,Good ,-69.64601761,44.56237073,11,...,...,...,...,...,0,>250' ,Bartlett Feb 2035,Ornamental,
449,Ash-Green ,Good ,-69.6613353,44.52773077,12,...,...,...,...,...,0,>250' ,Bartlett Feb 2470,Ornamental,
149,Ash-Green ,Good ,-69.63287827,44.54607363,13,...,...,...,...,...,0,>250' ,Bartlett Feb 2170,Ornamental,
417,Ash-Green ,Good ,-69.66214485,44.52868195,13,...,...,...,...,...,0,>250' ,Bartlett Feb 2438,Ornamental,
21,Ash-Green ,Good ,-69.63057267,44.56236789,14,...,...,...,...,...,0,>250' ,Bartlett Feb 2042,Ornamental,
18,Ash-Green ,Good ,-69.63049274,44.56249971,15,...,...,...,...,...,0,>250' ,Bartlett Feb 2039,Ornamental,
503,Ash-Green ,Good ,-69.65500827,44.57985172,15,...,...,...,...,...,0,>250' ,Bartlett Feb 2524,Ornamental,
416,Ash-Green ,Good ,-69.66213098,44.52868401,17,...,...,...,...,...,0,>250' ,Bartlett Feb 2437,Ornamental,
4,Ash-Green ,Good ,-69.64499615,44.56214932,21,...,...,...,...,...,0,>250' ,Bartlett Feb 2025,Ornamental,
358,Ash-Green ,Fair ,-69.66023061,44.53345698,24,...,...,...,...,...,0,>250' ,Bartlett Feb 2379,Ornamental,
184,Ash-Green ,Good ,-69.64793841,44.56468515,10,...,...,...,...,...,0,25-250' ,Bartlett Feb 2205,Ornamental,
8,Ash-Green ,Good ,-69.64648709,44.56202372,12,...,...,...,...,...,0,25-250' ,Bartlett Feb 2029,Ornamental,
7,Ash-Green ,Good ,-69.64641177,44.56196783,13,...,...,...,...,...,0,25-250' ,Bartlett Feb 2028,Ornamental,
10,Ash-Green ,Poor ,-69.64667151,44.56212773,13,...,...,...,...,...,0,25-250' ,Bartlett Feb 2031,Ornamental,
186,Ash-Green ,Good ,-69.64813773,44.56485917,13,...,...,...,...,...,0,25-250' ,Bartlett Feb 2207,Ornamental,
17,Ash-Green ,Good ,-69.64670203,44.56220275,15,...,...,...,...,...,0,25-250' ,Bartlett Feb 2038,Ornamental,
9,Ash-Green ,Poor ,-69.64659459,44.56208688,16,...,...,...,...,...,0,25-250' ,Bartlett Feb 2030,Ornamental,
5,Ash-Green ,Good ,-69.64625049,44.56185291,18,...,...,...,...,...,0,25-250' ,Bartlett Feb 2026,Ornamental,
228,Ash-White ,Good ,-69.62817896,44.5507748,3,2,2,1,1,...,0,>250' ,Bartlett Feb 2249,Ornamental,
390,Ash-White ,Poor ,-69.6592438,44.52755863,5,...,...,...,...,...,0,>250' ,Bartlett Feb 2411,Ornamental,
365,Ash-White ,Good ,-69.66049002,44.53373404,6,...,...,...,...,...,0,>250' ,Bartlett Feb 2386,Ornamental,
366,Ash-White ,Poor ,-69.66052149,44.53379658,6,...,...,...,...,...,0,>250' ,Bartlett Feb 2387,Ornamental,
389,Ash-White ,Poor ,-69.65919482,44.52761053,6,...,...,...,...,...,0,>250' ,Bartlett Feb 2410,Ornamental,
431,Ash-White ,Good ,-69.65908037,44.53410169,6,...,...,...,...,...,0,>250' ,Bartlett Feb 2452,Ornamental,
432,Ash-White ,Good ,-69.65903201,44.53405363,6,6,6,6,5,...,0,>250' ,Bartlett Feb 2453,Ornamental,
487,Ash-White ,Good ,-69.65657839,44.581199,6,...,...,...,...,...,0,>250' ,Bartlett Feb 2508,Ornamental,
509,Ash-White ,Good ,-69.65470291,44.57912686,6,...,...,...,...,...,0,>250' ,Bartlett Feb 2530,Ornamental,
614,Ash-White ,Good ,-69.65496195,44.5800711,6,...,...,...,...,...,0,>250' ,Bartlett Feb 2592,Ornamental,
229,Ash-White ,Good ,-69.62814937,44.55061341,7,...,...,...,...,...,0,>250' ,Bartlett Feb 2250,Ornamental,
371,Ash-White ,Poor ,-69.660664,44.53388939,7,...,...,...,...,...,0,>250' ,Bartlett Feb 2392,Ornamental,
391,Ash-White ,Poor ,-69.65924315,44.52745821,7,...,...,...,...,...,0,>250' ,Bartlett Feb 2412,Ornamental,
440,Ash-White ,Good ,-69.65962359,44.53418581,7,...,...,...,...,...,0,>250' ,Bartlett Feb 2461,Ornamental,
425,Ash-White ,Good ,-69.65896764,44.53412625,8,...,...,...,...,...,0,>250' ,Bartlett Feb 2446,Ornamental,
522,Ash-White ,Poor ,-69.65455173,44.57907147,8,8,...,...,...,...,0,>250' ,Bartlett Feb 2543,Ornamental,
370,Ash-White ,Fair ,-69.66053675,44.53381194,9,...,...,...,...,...,0,>250' ,Bartlett Feb 2391,Ornamental,
392,Ash-White ,Poor ,-69.65930333,44.5273026,9,...,...,...,...,...,0,>250' ,Bartlett Feb 2413,Ornamental,
420,Ash-White ,Fair ,-69.65882396,44.53406609,9,...,...,...,...,...,0,>250' ,Bartlett Feb 2441,Ornamental,
617,Ash-White ,Good ,-69.65487207,44.57998129,9,...,...,...,...,...,0,>250' ,Bartlett Feb 2595,Ornamental,
171,Ash-White ,Poor ,-69.63458309,44.54596771,10,...,...,...,...,...,0,>250' ,Bartlett Feb 2192,Ornamental,
376,Ash-White ,Good ,-69.66076853,44.53402976,10,...,...,...,...,...,0,>250' ,Bartlett Feb 2397,Ornamental,
422,Ash-White ,Fair ,-69.65891494,44.53409026,10,...,...,...,...,...,0,>250' ,Bartlett Feb 2443,Ornamental,
508,Ash-White ,Good ,-69.65471286,44.57915674,10,...,...,...,...,...,0,>250' ,Bartlett Feb 2529,Ornamental,
378,Ash-White ,Good ,-69.66071671,44.53403109,11,...,...,...,...,...,0,>250' ,Bartlett Feb 2399,Ornamental,
496,Ash-White ,Good ,-69.65536307,44.58031352,11,...,...,...,...,...,0,>250' ,Bartlett Feb 2517,Ornamental,
505,Ash-White ,Good ,-69.65497191,44.57971781,11,...,...,...,...,...,0,>250' ,Bartlett Feb 2526,Ornamental,
135,Ash-White ,Fair ,-69.63481117,44.54577818,12,8,...,...,...,...,0,>250' ,Bartlett Feb 2156,Ornamental,
368,Ash-White ,Fair ,-69.66056451,44.53379963,12,...,...,...,...,...,0,>250' ,Bartlett Feb 2389,Ornamental,
369,Ash-White ,Fair ,-69.66056436,44.53381506,12,11,...,...,...,...,0,>250' ,Bartlett Feb 2390,Ornamental,
375,Ash-White ,Good ,-69.66071255,44.53399366,12,...,...,...,...,...,0,>250' ,Bartlett Feb 2396,Ornamental,
377,Ash-White ,Good ,-69.66077438,44.53402674,12,...,...,...,...,...,0,>250' ,Bartlett Feb 2398,Ornamental,
511,Ash-White ,Fair ,-69.65464951,44.57900704,12,...,...,...,...,...,0,>250' ,Bartlett Feb 2532,Ornamental,
456,Ash-White ,Good ,-69.66125904,44.52744635,15,...,...,...,...,...,0,>250' ,Bartlett Feb 2477,Ornamental,
387,Ash-White ,Good ,-69.66026335,44.53435602,16,1...,...,...,...,...,0,>250' ,Bartlett Feb 2408,Ornamental,
373,Ash-White ,Good ,-69.66072207,44.53402718,17,...,...,...,...,...,0,>250' ,Bartlett Feb 2394,Ornamental,
506,Ash-White ,Good ,-69.65496013,44.5796295,20,...,...,...,...,...,0,>250' ,Bartlett Feb 2527,Ornamental,
372,Ash-White ,Good ,-69.66066448,44.53392025,21,19,...,...,...,...,0,>250' ,Bartlett Feb 2393,Ornamental,
497,Ash-White ,Good ,-69.65526482,44.58025061,21,...,...,...,...,...,0,>250' ,Bartlett Feb 2518,Ornamental,
26,Ash-White ,Good ,-69.62773993,44.55078428,5,...,...,...,...,...,0,25-250' ,Bartlett Feb 2047,Ornamental,
34,Ash-White ,Fair ,-69.62767459,44.55070357,6,...,...,...,...,...,0,25-250' ,Bartlett Feb 2055,Ornamental,
398,Ash-White ,Good ,-69.65954621,44.52694167,6,...,...,...,...,...,0,25-250' ,Bartlett Feb 2419,Ornamental,
27,Ash-White ,Fair ,-69.62768555,44.55084344,7,...,...,...,...,...,0,25-250' ,Bartlett Feb 2048,Ornamental,
364,Beech-American ,Fair ,-69.66049525,44.53371769,12,...,...,...,...,...,0,>250' ,Bartlett Feb 2385,Ornamental,
627,Birch-Paper ,Good ,-69.65459642,44.57922567,5,6,...,...,...,...,0,>250' ,Bartlett Feb 2605,Ornamental,
490,Birch-Paper ,Good ,-69.6560053,44.58062281,6,...,...,...,...,...,0,>250' ,Bartlett Feb 2511,Ornamental,
626,Birch-Paper ,Good ,-69.65463902,44.57929706,7,...,...,...,...,...,0,>250' ,Bartlett Feb 2604,Ornamental,
359,Birch-Paper ,Good ,-69.66029106,44.53347953,9,...,...,...,...,...,0,>250' ,Bartlett Feb 2380,Ornamental,
518,Birch-Paper ,Good ,-69.65468104,44.57941279,9,5,...,...,...,...,0,>250' ,Bartlett Feb 2539,Ornamental,
159,Birch-Paper ,Good ,-69.63355749,44.5464196,13,...,...,...,...,...,0,>250' ,Bartlett Feb 2180,Ornamental,
475,Birch-Paper ,Poor ,-69.65975225,44.52693828,11,8,...,...,...,...,0,25-250' ,Bartlett Feb 2496,Ornamental,
78,Birch-River ,Poor ,-69.62726698,44.55263141,1,...,...,...,...,...,0,<25' ,Bartlett Feb 2099,Ornamental,
72,Birch-River ,Good ,-69.62722375,44.55251928,2,2,2,...,...,...,0,<25' ,Bartlett Feb 2093,Ornamental,
73,Birch-River ,Good ,-69.62716716,44.55257609,2,2,2,1,...,...,0,<25' ,Bartlett Feb 2094,Ornamental,
54,Birch-River ,Good ,-69.62704316,44.5515117,3,3,1,1,...,...,0,<25' ,Bartlett Feb 2075,Ornamental,
57,Birch-River ,Good ,-69.62719541,44.55166743,3,3,1,...,...,...,0,<25' ,Bartlett Feb 2078,Ornamental,
65,Birch-River ,Good ,-69.62712477,44.55228637,3,2,1,1,...,...,0,<25' ,Bartlett Feb 2086,Ornamental,
67,Birch-River ,Good ,-69.62722306,44.55235753,3,3,3,...,...,...,0,<25' ,Bartlett Feb 2088,Ornamental,
69,Birch-River ,Good ,-69.62715494,44.5524321,3,1,1,...,...,...,0,<25' ,Bartlett Feb 2090,Ornamental,
66,Birch-River ,Good ,-69.62719614,44.55231663,4,3,1,...,...,...,0,<25' ,Bartlett Feb 2087,Ornamental,
76,Birch-River ,Good ,-69.6271921,44.55268889,4,2,2,1,...,...,0,<25' ,Bartlett Feb 2097,Ornamental,
94,Birch-River ,Good ,-69.62741295,44.5528875,2,2,2,2,2,...,0,25-250' ,Bartlett Feb 2115,Ornamental,
50,Birch-River ,Fair ,-69.62723514,44.55127531,3,2,1,...,...,...,0,25-250' ,Bartlett Feb 2071,Ornamental,
81,Birch-River ,Good ,-69.62738108,44.5526602,3,2,2,2,...,...,0,25-250' ,Bartlett Feb 2102,Ornamental,
92,Birch-River ,Fair ,-69.62734546,44.55291072,3,3,2,1,...,...,0,25-250' ,Bartlett Feb 2113,Ornamental,
93,Birch-River ,Good ,-69.62739787,44.55291468,3,3,2,...,...,...,0,25-250' ,Bartlett Feb 2114,Ornamental,
346,Cherry-Black ,Poor ,-69.66257096,44.52881244,8,...,...,...,...,...,0,>250' ,Bartlett Feb 2367,Fruiting / Flowering,
457,Cherry-Black ,Dead ,-69.66125847,44.52740197,8,...,...,...,...,...,0,>250' ,Bartlett Feb 2478,Fruiting / Flowering,
460,Cherry-Black ,Fair ,-69.66113757,44.52734815,8,...,...,...,...,...,0,>250' ,Bartlett Feb 2481,Fruiting / Flowering,
113,Elm-American ,Fair ,-69.63290179,44.55084571,2,...,...,...,...,...,0,>250' ,Bartlett Feb 2134,Ornamental,
120,Elm-American ,Fair ,-69.63336672,44.55080302,2,...,...,...,...,...,0,>250' ,Bartlett Feb 2141,Ornamental,
15,Elm-American ,Dead ,-69.64579829,44.56226307,5,...,...,...,...,...,0,>250' ,Bartlett Feb 2036,Ornamental,
481,Elm-American ,Poor ,-69.65986478,44.52698952,5,...,...,...,...,...,0,25-250' ,Bartlett Feb 2502,Ornamental,
336,Elm-American ,Poor ,-69.64302478,44.53468325,10,...,...,...,...,...,0,25-250' ,Bartlett Feb 2357,Ornamental,
124,Ginkgo ,Good ,-69.63353144,44.55100537,11,...,...,...,...,...,0,>250' ,Bartlett Feb 2145,Ornamental,
52,Honeylocust-Thornless Common ,Good ,-69.6271779,44.55135179,3,...,...,...,...,...,0,<25' ,Bartlett Feb 2073,Fruiting / Flowering,
53,Honeylocust-Thornless Common ,Good ,-69.62713498,44.55146478,3,...,...,...,...,...,0,<25' ,Bartlett Feb 2074,Fruiting / Flowering,
55,Honeylocust-Thornless Common ,Good ,-69.62717293,44.55159065,3,...,...,...,...,...,0,<25' ,Bartlett Feb 2076,Fruiting / Flowering,
182,Honeylocust-Thornless Common ,Good ,-69.64730043,44.56412779,20,...,...,...,...,...,0,>250' ,Bartlett Feb 2203,Fruiting / Flowering,
150,Honeylocust-Thornless Common ,Good ,-69.63302203,44.54616133,21,...,...,...,...,...,0,>250' ,Bartlett Feb 2171,Fruiting / Flowering,
183,Honeylocust-Thornless Common ,Good ,-69.64739607,44.56422083,21,...,...,...,...,...,0,>250' ,Bartlett Feb 2204,Fruiting / Flowering,
131,Honeylocust-Thornless Common ,Good ,-69.63315978,44.55124643,25,...,...,...,...,...,0,>250' ,Bartlett Feb 2152,Fruiting / Flowering,
82,Honeylocust-Thornless Common ,Fair ,-69.62749804,44.5526394,3,...,...,...,...,...,0,25-250' ,Bartlett Feb 2103,Fruiting / Flowering,
83,Honeylocust-Thornless Common ,Good ,-69.62750592,44.55256399,3,...,...,...,...,...,0,25-250' ,Bartlett Feb 2104,Fruiting / Flowering,
84,Honeylocust-Thornless Common ,Good ,-69.6275226,44.55247297,3,...,...,...,...,...,0,25-250' ,Bartlett Feb 2105,Fruiting / Flowering,
85,Honeylocust-Thornless Common ,Good ,-69.62746561,44.55239309,3,...,...,...,...,...,0,25-250' ,Bartlett Feb 2106,Fruiting / Flowering,
86,Honeylocust-Thornless Common ,Fair ,-69.62738693,44.5523417,3,...,...,...,...,...,0,25-250' ,Bartlett Feb 2107,Fruiting / Flowering,
87,Honeylocust-Thornless Common ,Good ,-69.6273077,44.55230811,3,...,...,...,...,...,0,25-250' ,Bartlett Feb 2108,Fruiting / Flowering,
104,Honeylocust-Thornless Common ,Good ,-69.62962292,44.54958675,14,...,...,...,...,...,0,25-250' ,Bartlett Feb 2125,Fruiting / Flowering,
187,Honeylocust-Thornless Common ,Good ,-69.64836331,44.56501944,14,...,...,...,...,...,0,25-250' ,Bartlett Feb 2208,Fruiting / Flowering,
132,Horsechestnut-Common ,Fair ,-69.63315023,44.55112273,19,...,...,...,...,...,0,>250' ,Bartlett Feb 2153,Fruiting / Flowering,
128,Lilac-Japanese Tree ,Good ,-69.63371266,44.55132367,6,...,...,...,...,...,0,>250' ,Bartlett Feb 2149,Fruiting / Flowering,
356,Linden-Littleleaf ,Good ,-69.66029276,44.53327968,12,12,11,...,...,...,0,>250' ,Bartlett Feb 2377,Fruiting / Flowering,
108,Linden-Littleleaf ,Good ,-69.62902753,44.54952102,14,...,...,...,...,...,0,>250' ,Bartlett Feb 2129,Fruiting / Flowering,
109,Linden-Littleleaf ,Good ,-69.62902942,44.54959769,15,...,...,...,...,...,0,>250' ,Bartlett Feb 2130,Fruiting / Flowering,
181,Linden-Littleleaf ,Good ,-69.64717981,44.56404483,18,...,...,...,...,...,0,>250' ,Bartlett Feb 2202,Fruiting / Flowering,
107,Linden-Littleleaf ,Fair ,-69.62905829,44.54946569,23,...,...,...,...,...,0,>250' ,Bartlett Feb 2128,Fruiting / Flowering,
136,Linden-Littleleaf ,Poor ,-69.63463146,44.54580237,33,...,...,...,...,...,0,>250' ,Bartlett Feb 2157,Fruiting / Flowering,
138,Linden-Littleleaf ,Fair ,-69.63461065,44.54561383,33,...,...,...,...,...,0,>250' ,Bartlett Feb 2159,Fruiting / Flowering,
185,Linden-Littleleaf ,Good ,-69.64804215,44.5647744,8,...,...,...,...,...,0,25-250' ,Bartlett Feb 2206,Fruiting / Flowering,
151,Locust-Black ,Good ,-69.6328552,44.54621844,7,...,...,...,...,...,0,>250' ,Bartlett Feb 2172,Fruiting / Flowering,
157,Locust-Black ,Good ,-69.6333794,44.54638352,15,...,...,...,...,...,0,>250' ,Bartlett Feb 2178,Fruiting / Flowering,
162,Locust-Black ,Fair ,-69.63368534,44.54647386,16,...,...,...,...,...,0,>250' ,Bartlett Feb 2183,Fruiting / Flowering,
163,Locust-Black ,Good ,-69.63372459,44.54646835,17,...,...,...,...,...,0,>250' ,Bartlett Feb 2184,Fruiting / Flowering,
152,Locust-Black ,Good ,-69.6332622,44.54627605,19,14,...,...,...,...,0,>250' ,Bartlett Feb 2173,Fruiting / Flowering,
160,Locust-Black ,Good ,-69.63361944,44.5464475,19,...,...,...,...,...,0,>250' ,Bartlett Feb 2181,Fruiting / Flowering,
165,Locust-Black ,Good ,-69.63374075,44.54646066,19,...,...,...,...,...,0,>250' ,Bartlett Feb 2186,Fruiting / Flowering,
153,Locust-Black ,Good ,-69.63329641,44.54627963,23,...,...,...,...,...,0,>250' ,Bartlett Feb 2174,Fruiting / Flowering,
156,Locust-Black ,Good ,-69.63334217,44.54638278,24,...,...,...,...,...,0,>250' ,Bartlett Feb 2177,Fruiting / Flowering,
158,Locust-Black ,Good ,-69.63356545,44.54643262,24,...,...,...,...,...,0,>250' ,Bartlett Feb 2179,Fruiting / Flowering,
446,Maple-Boxelder ,Fair ,-69.66123037,44.52787699,16,7,5,...,...,...,0,>250' ,Bartlett Feb 2467,Ornamental,
293,Maple-Boxelder ,Good ,-69.64326011,44.53459879,7,...,...,...,...,...,0,25-250' ,Bartlett Feb 2314,Ornamental,
321,Maple-Boxelder ,Fair ,-69.64256249,44.53501675,9,...,...,...,...,...,0,25-250' ,Bartlett Feb 2342,Ornamental,
287,Maple-Boxelder ,Poor ,-69.64342227,44.53455206,11,...,...,...,...,...,0,25-250' ,Bartlett Feb 2308,Ornamental,
482,Maple-Boxelder ,Poor ,-69.65999375,44.52703713,12,...,...,...,...,...,0,25-250' ,Bartlett Feb 2503,Ornamental,
289,Maple-Boxelder ,Poor ,-69.64334724,44.53454887,15,...,...,...,...,...,0,25-250' ,Bartlett Feb 2310,Ornamental,
332,Maple-Boxelder ,Poor ,-69.64272214,44.53471499,17,...,...,...,...,...,0,25-250' ,Bartlett Feb 2353,Ornamental,
330,Maple-Boxelder ,Poor ,-69.64266331,44.53472552,18,...,...,...,...,...,0,25-250' ,Bartlett Feb 2351,Ornamental,
267,Maple-Freeman's ,Good ,-69.63071042,44.56718859,14,...,...,...,...,...,0,>250' ,Bartlett Feb 2288,Ornamental,
274,Maple-Freeman's ,Good ,-69.63861643,44.53793262,14,...,...,...,...,...,0,>250' ,Bartlett Feb 2295,Ornamental,
266,Maple-Freeman's ,Good ,-69.63063244,44.56716256,15,...,...,...,...,...,0,>250' ,Bartlett Feb 2287,Ornamental,
263,Maple-Freeman's ,Good ,-69.6303465,44.56710716,16,...,...,...,...,...,0,>250' ,Bartlett Feb 2284,Ornamental,
264,Maple-Freeman's ,Fair ,-69.63045771,44.56715136,16,...,...,...,...,...,0,>250' ,Bartlett Feb 2285,Ornamental,
275,Maple-Freeman's ,Good ,-69.6386266,44.53800454,16,...,...,...,...,...,0,>250' ,Bartlett Feb 2296,Ornamental,
260,Maple-Freeman's ,Good ,-69.63006394,44.56710058,17,...,...,...,...,...,0,>250' ,Bartlett Feb 2281,Ornamental,
271,Maple-Freeman's ,Good ,-69.63889521,44.53781538,17,...,...,...,...,...,0,>250' ,Bartlett Feb 2292,Ornamental,
273,Maple-Freeman's ,Good ,-69.6386728,44.53786054,17,...,...,...,...,...,0,>250' ,Bartlett Feb 2294,Ornamental,
276,Maple-Freeman's ,Good ,-69.63858019,44.5380571,17,...,...,...,...,...,0,>250' ,Bartlett Feb 2297,Ornamental,
261,Maple-Freeman's ,Good ,-69.63020158,44.56711241,19,...,...,...,...,...,0,>250' ,Bartlett Feb 2282,Ornamental,
259,Maple-Freeman's ,Good ,-69.63002,44.56705826,22,...,...,...,...,...,0,>250' ,Bartlett Feb 2280,Ornamental,
119,Maple-Freeman's ,Good ,-69.63331682,44.55085895,23,...,...,...,...,...,0,>250' ,Bartlett Feb 2140,Ornamental,
133,Maple-Norway ,Good ,-69.63589461,44.54762061,4,...,...,...,...,...,0,>250' ,Bartlett Feb 2154,Ornamental,
408,Maple-Norway ,Good ,-69.66175257,44.52854729,4,...,...,...,...,...,0,>250' ,Bartlett Feb 2429,Ornamental,
127,Maple-Norway ,Good ,-69.63390284,44.55138589,5,...,...,...,...,...,0,>250' ,Bartlett Feb 2148,Ornamental,
142,Maple-Norway ,Good ,-69.63372764,44.54535486,5,...,...,...,...,...,0,>250' ,Bartlett Feb 2163,Ornamental,
154,Maple-Norway ,Good ,-69.63329828,44.54628923,5,...,...,...,...,...,0,>250' ,Bartlett Feb 2175,Ornamental,
161,Maple-Norway ,Fair ,-69.63365708,44.54647788,5,...,...,...,...,...,0,>250' ,Bartlett Feb 2182,Ornamental,
211,Maple-Norway ,Good ,-69.6281684,44.5524669,5,...,...,...,...,...,0,>250' ,Bartlett Feb 2232,Ornamental,
212,Maple-Norway ,Fair ,-69.62819048,44.55241391,5,4,...,...,...,...,0,>250' ,Bartlett Feb 2233,Ornamental,
437,Maple-Norway ,Good ,-69.65937075,44.53413968,5,...,...,...,...,...,0,>250' ,Bartlett Feb 2458,Ornamental,
164,Maple-Norway ,Good ,-69.63371142,44.54647356,6,...,...,...,...,...,0,>250' ,Bartlett Feb 2185,Ornamental,
213,Maple-Norway ,Fair ,-69.62820539,44.55232666,6,...,...,...,...,...,0,>250' ,Bartlett Feb 2234,Ornamental,
219,Maple-Norway ,Fair ,-69.62820807,44.55213434,6,...,...,...,...,...,0,>250' ,Bartlett Feb 2240,Ornamental,
362,Maple-Norway ,Good ,-69.66038122,44.53364227,6,...,...,...,...,...,0,>250' ,Bartlett Feb 2383,Ornamental,
430,Maple-Norway ,Good ,-69.65905731,44.53410232,6,4,...,...,...,...,0,>250' ,Bartlett Feb 2451,Ornamental,
436,Maple-Norway ,Good ,-69.65939488,44.53410101,6,...,...,...,...,...,0,>250' ,Bartlett Feb 2457,Ornamental,
442,Maple-Norway ,Good ,-69.65969233,44.53417682,6,...,...,...,...,...,0,>250' ,Bartlett Feb 2463,Ornamental,
517,Maple-Norway ,Good ,-69.65470062,44.57943086,6,...,...,...,...,...,0,>250' ,Bartlett Feb 2538,Ornamental,
155,Maple-Norway ,Good ,-69.6333227,44.54631953,7,...,...,...,...,...,0,>250' ,Bartlett Feb 2176,Ornamental,
168,Maple-Norway ,Good ,-69.63422512,44.54619594,7,...,...,...,...,...,0,>250' ,Bartlett Feb 2189,Ornamental,
173,Maple-Norway ,Good ,-69.63460312,44.54594094,7,...,...,...,...,...,0,>250' ,Bartlett Feb 2194,Ornamental,
217,Maple-Norway ,Good ,-69.62821225,44.55215308,7,...,...,...,...,...,0,>250' ,Bartlett Feb 2238,Ornamental,
424,Maple-Norway ,Good ,-69.65896232,44.53418763,7,...,...,...,...,...,0,>250' ,Bartlett Feb 2445,Ornamental,
507,Maple-Norway ,Good ,-69.65474051,44.57922792,7,...,...,...,...,...,0,>250' ,Bartlett Feb 2528,Ornamental,
166,Maple-Norway ,Good ,-69.63401391,44.54631335,8,...,...,...,...,...,0,>250' ,Bartlett Feb 2187,Ornamental,
172,Maple-Norway ,Good ,-69.63461321,44.54596156,8,...,...,...,...,...,0,>250' ,Bartlett Feb 2193,Ornamental,
180,Maple-Norway ,Good ,-69.64671208,44.56367408,8,...,...,...,...,...,0,>250' ,Bartlett Feb 2201,Ornamental,
192,Maple-Norway ,Fair ,-69.64309064,44.55164845,8,...,...,...,...,...,0,>250' ,Bartlett Feb 2213,Ornamental,
218,Maple-Norway ,Good ,-69.62817826,44.55215685,8,...,...,...,...,...,0,>250' ,Bartlett Feb 2239,Ornamental,
439,Maple-Norway ,Good ,-69.65953031,44.53418113,8,...,...,...,...,...,0,>250' ,Bartlett Feb 2460,Ornamental,
170,Maple-Norway ,Poor ,-69.6342978,44.54616962,9,...,...,...,...,...,0,>250' ,Bartlett Feb 2191,Ornamental,
216,Maple-Norway ,Fair ,-69.6281902,44.55218148,9,5,...,...,...,...,0,>250' ,Bartlett Feb 2237,Ornamental,
434,Maple-Norway ,Good ,-69.65911292,44.53409457,10,9,...,...,...,...,0,>250' ,Bartlett Feb 2455,Ornamental,
169,Maple-Norway ,Good ,-69.63425038,44.54619189,11,...,...,...,...,...,0,>250' ,Bartlett Feb 2190,Ornamental,
226,Maple-Norway ,Fair ,-69.62820801,44.55153929,11,11,11,1...,...,...,0,>250' ,Bartlett Feb 2247,Ornamental,
396,Maple-Norway ,Good ,-69.65949103,44.52698646,11,...,...,...,...,...,0,>250' ,Bartlett Feb 2417,Ornamental,
177,Maple-Norway ,Fair ,-69.64648815,44.56347963,13,...,...,...,...,...,0,>250' ,Bartlett Feb 2198,Ornamental,
179,Maple-Norway ,Good ,-69.64664797,44.56361455,13,...,...,...,...,...,0,>250' ,Bartlett Feb 2200,Ornamental,
178,Maple-Norway ,Good ,-69.6465797,44.56355262,14,...,...,...,...,...,0,>250' ,Bartlett Feb 2199,Ornamental,
222,Maple-Norway ,Good ,-69.62819165,44.55204287,14,11,...,...,...,...,0,>250' ,Bartlett Feb 2243,Ornamental,
137,Maple-Norway ,Good ,-69.63470439,44.54569451,16,...,...,...,...,...,0,>250' ,Bartlett Feb 2158,Ornamental,
167,Maple-Norway ,Fair ,-69.63417941,44.54623037,16,...,...,...,...,...,0,>250' ,Bartlett Feb 2188,Ornamental,
230,Maple-Norway ,Good ,-69.62792949,44.5506272,16,...,...,...,...,...,0,>250' ,Bartlett Feb 2251,Ornamental,
139,Maple-Norway ,Good ,-69.63453822,44.54553113,18,...,...,...,...,...,0,>250' ,Bartlett Feb 2160,Ornamental,
140,Maple-Norway ,Fair ,-69.63445819,44.54547729,18,...,...,...,...,...,0,>250' ,Bartlett Feb 2161,Ornamental,
115,Maple-Norway ,Good ,-69.63303671,44.55069348,19,...,...,...,...,...,0,>250' ,Bartlett Feb 2136,Ornamental,
126,Maple-Norway ,Good ,-69.63390118,44.5510491,19,...,...,...,...,...,0,>250' ,Bartlett Feb 2147,Ornamental,
102,Maple-Norway ,Good ,-69.62975644,44.54960304,20,...,...,...,...,...,0,>250' ,Bartlett Feb 2123,Ornamental,
141,Maple-Norway ,Fair ,-69.6342989,44.54533784,20,...,...,...,...,...,0,>250' ,Bartlett Feb 2162,Ornamental,
125,Maple-Norway ,Good ,-69.63373802,44.55102391,24,...,...,...,...,...,0,>250' ,Bartlett Feb 2146,Ornamental,
118,Maple-Norway ,Good ,-69.63328662,44.55095784,25,...,...,...,...,...,0,>250' ,Bartlett Feb 2139,Ornamental,
143,Maple-Norway ,Fair ,-69.6333238,44.54525793,26,...,...,...,...,...,0,>250' ,Bartlett Feb 2164,Ornamental,
112,Maple-Norway ,Fair ,-69.63276773,44.55101145,46,...,...,...,...,...,0,>250' ,Bartlett Feb 2133,Ornamental,
284,Maple-Norway ,Good ,-69.64353336,44.53454246,4,...,...,...,...,...,0,25-250' ,Bartlett Feb 2305,Ornamental,
285,Maple-Norway ,Poor ,-69.64349706,44.53455149,4,...,...,...,...,...,0,25-250' ,Bartlett Feb 2306,Ornamental,
288,Maple-Norway ,Good ,-69.64344598,44.53456475,4,...,...,...,...,...,0,25-250' ,Bartlett Feb 2309,Ornamental,
290,Maple-Norway ,Fair ,-69.64338189,44.53457238,5,...,...,...,...,...,0,25-250' ,Bartlett Feb 2311,Ornamental,
294,Maple-Norway ,Fair ,-69.64320682,44.5346077,5,4,...,...,...,...,0,25-250' ,Bartlett Feb 2315,Ornamental,
298,Maple-Norway ,Good ,-69.64318114,44.53458154,5,...,...,...,...,...,0,25-250' ,Bartlett Feb 2319,Ornamental,
283,Maple-Norway ,Good ,-69.64352913,44.53454964,6,...,...,...,...,...,0,25-250' ,Bartlett Feb 2304,Ornamental,
291,Maple-Norway ,Fair ,-69.64334845,44.53457698,6,...,...,...,...,...,0,25-250' ,Bartlett Feb 2312,Ornamental,
292,Maple-Norway ,Good ,-69.64328551,44.5345948,6,...,...,...,...,...,0,25-250' ,Bartlett Feb 2313,Ornamental,
300,Maple-Norway ,Good ,-69.64313165,44.53462185,6,6,6,3,2,...,0,25-250' ,Bartlett Feb 2321,Ornamental,
313,Maple-Norway ,Good ,-69.64230887,44.53531566,6,...,...,...,...,...,0,25-250' ,Bartlett Feb 2334,Ornamental,
322,Maple-Norway ,Fair ,-69.64257299,44.53501076,6,...,...,...,...,...,0,25-250' ,Bartlett Feb 2343,Ornamental,
325,Maple-Norway ,Good ,-69.64262405,44.53480587,6,...,...,...,...,...,0,25-250' ,Bartlett Feb 2346,Ornamental,
333,Maple-Norway ,Good ,-69.64272362,44.53472453,6,...,...,...,...,...,0,25-250' ,Bartlett Feb 2354,Ornamental,
280,Maple-Norway ,Good ,-69.64361338,44.53450418,7,...,...,...,...,...,0,25-250' ,Bartlett Feb 2301,Ornamental,
334,Maple-Norway ,Good ,-69.64274184,44.53468001,7,...,...,...,...,...,0,25-250' ,Bartlett Feb 2355,Ornamental,
281,Maple-Norway ,Fair ,-69.64359378,44.53454761,8,6,...,...,...,...,0,25-250' ,Bartlett Feb 2302,Ornamental,
297,Maple-Norway ,Fair ,-69.64317976,44.53462483,8,...,...,...,...,...,0,25-250' ,Bartlett Feb 2318,Ornamental,
314,Maple-Norway ,Good ,-69.64235559,44.53529669,8,...,...,...,...,...,0,25-250' ,Bartlett Feb 2335,Ornamental,
327,Maple-Norway ,Fair ,-69.64269917,44.5347537,8,...,...,...,...,...,0,25-250' ,Bartlett Feb 2348,Ornamental,
295,Maple-Norway ,Good ,-69.64317502,44.53464393,9,...,...,...,...,...,0,25-250' ,Bartlett Feb 2316,Ornamental,
324,Maple-Norway ,Good ,-69.64264796,44.53483439,9,...,...,...,...,...,0,25-250' ,Bartlett Feb 2345,Ornamental,
310,Maple-Norway ,Good ,-69.64230205,44.53537953,11,...,...,...,...,...,0,25-250' ,Bartlett Feb 2331,Ornamental,
323,Maple-Norway ,Fair ,-69.64263646,44.53490603,11,11,...,...,...,...,0,25-250' ,Bartlett Feb 2344,Ornamental,
317,Maple-Norway ,Fair ,-69.64238849,44.53523868,12,...,...,...,...,...,0,25-250' ,Bartlett Feb 2338,Ornamental,
286,Maple-Norway ,Good ,-69.64342738,44.53458264,14,...,...,...,...,...,0,25-250' ,Bartlett Feb 2307,Ornamental,
315,Maple-Norway ,Fair ,-69.64239857,44.53525082,14,...,...,...,...,...,0,25-250' ,Bartlett Feb 2336,Ornamental,
316,Maple-Norway ,Good ,-69.64239196,44.5352082,16,...,...,...,...,...,0,25-250' ,Bartlett Feb 2337,Ornamental,
400,Maple-Norway ,Good ,-69.65969443,44.52693741,19,...,...,...,...,...,0,25-250' ,Bartlett Feb 2421,Ornamental,
111,Maple-Norway ,Good ,-69.62876178,44.54941921,24,...,...,...,...,...,0,25-250' ,Bartlett Feb 2132,Ornamental,
110,Maple-Norway ,Good ,-69.6287653,44.54949374,25,...,...,...,...,...,0,25-250' ,Bartlett Feb 2131,Ornamental,
145,Maple-Red ,Good ,-69.63310436,44.54543136,8,...,...,...,...,...,0, ,Bartlett Feb 2166,Ornamental,
232,Maple-Red ,Good ,-69.6281027,44.55025992,2,...,...,...,...,...,0,>250' ,Bartlett Feb 2253,Ornamental,
233,Maple-Red ,Good ,-69.62808311,44.55014118,2,...,...,...,...,...,0,>250' ,Bartlett Feb 2254,Ornamental,
306,Maple-Red ,Good ,-69.63907348,44.53803848,2,...,...,...,...,...,0,>250' ,Bartlett Feb 2327,Ornamental,
308,Maple-Red ,Good ,-69.63917058,44.53822385,2,...,...,...,...,...,0,>250' ,Bartlett Feb 2329,Ornamental,
194,Maple-Red ,Good ,-69.64275606,44.55107723,4,...,...,...,...,...,0,>250' ,Bartlett Feb 2215,Ornamental,
256,Maple-Red ,Good ,-69.64335151,44.55101145,4,...,...,...,...,...,0,>250' ,Bartlett Feb 2277,Ornamental,
257,Maple-Red ,Good ,-69.64311374,44.55098204,4,...,...,...,...,...,0,>250' ,Bartlett Feb 2278,Ornamental,
623,Maple-Red ,Good ,-69.6548316,44.57973804,5,...,...,...,...,...,0,>250' ,Bartlett Feb 2601,Ornamental,
244,Maple-Red ,Good ,-69.64439896,44.56121992,6,...,...,...,...,...,0,>250' ,Bartlett Feb 2265,Ornamental,
243,Maple-Red ,Good ,-69.64425967,44.5613081,7,...,...,...,...,...,0,>250' ,Bartlett Feb 2264,Ornamental,
245,Maple-Red ,Good ,-69.64454186,44.56112626,7,...,...,...,...,...,0,>250' ,Bartlett Feb 2266,Ornamental,
616,Maple-Red ,Good ,-69.65490524,44.58001249,7,...,...,...,...,...,0,>250' ,Bartlett Feb 2594,Ornamental,
619,Maple-Red ,Good ,-69.65487176,44.57982492,7,...,...,...,...,...,0,>250' ,Bartlett Feb 2597,Ornamental,
621,Maple-Red ,Good ,-69.65481867,44.57979996,7,...,...,...,...,...,0,>250' ,Bartlett Feb 2599,Ornamental,
622,Maple-Red ,Fair ,-69.65483946,44.57976069,7,...,...,...,...,...,0,>250' ,Bartlett Feb 2600,Ornamental,
193,Maple-Red ,Good ,-69.64276354,44.55128251,8,...,...,...,...,...,0,>250' ,Bartlett Feb 2214,Ornamental,
240,Maple-Red ,Good ,-69.64400863,44.56133151,8,...,...,...,...,...,0,>250' ,Bartlett Feb 2261,Ornamental,
237,Maple-Red ,Good ,-69.64444365,44.56177962,9,...,...,...,...,...,0,>250' ,Bartlett Feb 2258,Ornamental,
1,Maple-Red ,Good ,-69.64573697,44.56285747,10,...,...,...,...,...,0,>250' ,Bartlett Feb 2022,Ornamental,
16,Maple-Red ,Good ,-69.64573242,44.56222013,10,...,...,...,...,...,0,>250' ,Bartlett Feb 2037,Ornamental,
2,Maple-Red ,Good ,-69.6456567,44.56278073,11,...,...,...,...,...,0,>250' ,Bartlett Feb 2023,Ornamental,
235,Maple-Red ,Good ,-69.64461863,44.5619405,11,...,...,...,...,...,0,>250' ,Bartlett Feb 2256,Ornamental,
241,Maple-Red ,Good ,-69.64418364,44.56141461,11,...,...,...,...,...,0,>250' ,Bartlett Feb 2262,Ornamental,
620,Maple-Red ,Fair ,-69.65484788,44.57980563,11,...,...,...,...,...,0,>250' ,Bartlett Feb 2598,Ornamental,
146,Maple-Red ,Poor ,-69.63304568,44.54552593,14,...,...,...,...,...,0,>250' ,Bartlett Feb 2167,Ornamental,
239,Maple-Red ,Good ,-69.64423633,44.56160908,14,...,...,...,...,...,0,>250' ,Bartlett Feb 2260,Ornamental,
238,Maple-Red ,Good ,-69.64436237,44.56170881,15,...,...,...,...,...,0,>250' ,Bartlett Feb 2259,Ornamental,
272,Maple-Red ,Good ,-69.63879801,44.53782851,15,...,...,...,...,...,0,>250' ,Bartlett Feb 2293,Ornamental,
236,Maple-Red ,Good ,-69.64453966,44.56184921,16,...,...,...,...,...,0,>250' ,Bartlett Feb 2257,Ornamental,
258,Maple-Red ,Good ,-69.62983177,44.5670452,17,...,...,...,...,...,0,>250' ,Bartlett Feb 2279,Ornamental,
270,Maple-Red ,Good ,-69.63899434,44.53784446,17,...,...,...,...,...,0,>250' ,Bartlett Feb 2291,Ornamental,
19,Maple-Red ,Fair ,-69.6302281,44.56254839,20,...,...,...,...,...,0,>250' ,Bartlett Feb 2040,Ornamental,
347,Maple-Red ,Good ,-69.66251899,44.5287757,21,...,...,...,...,...,0,>250' ,Bartlett Feb 2368,Ornamental,
20,Maple-Red ,Fair ,-69.63016546,44.56265488,22,...,...,...,...,...,0,>250' ,Bartlett Feb 2041,Ornamental,
242,Maple-Red ,Good ,-69.64451086,44.56150788,22,...,...,...,...,...,0,>250' ,Bartlett Feb 2263,Ornamental,
41,Maple-Red ,Fair ,-69.62733837,44.55100255,3,...,...,...,...,...,0,25-250' ,Bartlett Feb 2062,Ornamental,
144,Maple-Silver ,Fair ,-69.63329081,44.5452914,21,18,17,15,15,14,0,>250' ,Bartlett Feb 2165,Ornamental,
203,Maple-Sugar ,Good ,-69.62723591,44.55314357,3,...,...,...,...,...,0,<25' ,Bartlett Feb 2224,Fruiting / Flowering,
305,Maple-Sugar ,Good ,-69.63911017,44.53794242,1,...,...,...,...,...,0,>250' ,Bartlett Feb 2326,Fruiting / Flowering,
307,Maple-Sugar ,Good ,-69.63904152,44.53813477,1,...,...,...,...,...,0,>250' ,Bartlett Feb 2328,Fruiting / Flowering,
174,Maple-Sugar ,Fair ,-69.63751572,44.53904151,2,...,...,...,...,...,0,>250' ,Bartlett Feb 2195,Fruiting / Flowering,
429,Maple-Sugar ,Fair ,-69.6590599,44.5340518,9,...,...,...,...,...,0,>250' ,Bartlett Feb 2450,Fruiting / Flowering,
116,Maple-Sugar ,Fair ,-69.63319352,44.55073933,41,...,...,...,...,...,0,>250' ,Bartlett Feb 2137,Fruiting / Flowering,
97,Maple-Sugar ,Good ,-69.62749411,44.55273771,3,...,...,...,...,...,0,25-250' ,Bartlett Feb 2118,Fruiting / Flowering,
147,Oak-Northern Red ,Fair ,-69.63282115,44.54589188,2,...,...,...,...,...,0,>250' ,Bartlett Feb 2168,Ornamental,
357,Oak-Northern Red ,Fair ,-69.66023132,44.53327615,4,...,...,...,...,...,0,>250' ,Bartlett Feb 2378,Ornamental,
379,Oak-Northern Red ,Good ,-69.66076403,44.53406335,5,...,...,...,...,...,0,>250' ,Bartlett Feb 2400,Ornamental,
443,Oak-Northern Red ,Good ,-69.66008333,44.53419321,5,...,...,...,...,...,0,>250' ,Bartlett Feb 2464,Ornamental,
441,Oak-Northern Red ,Good ,-69.65966529,44.53410914,6,...,...,...,...,...,0,>250' ,Bartlett Feb 2462,Ornamental,
438,Oak-Northern Red ,Good ,-69.65955788,44.53413367,7,...,...,...,...,...,0,>250' ,Bartlett Feb 2459,Ornamental,
624,Oak-Northern Red ,Good ,-69.65466851,44.57935092,12,...,...,...,...,...,0,>250' ,Bartlett Feb 2602,Ornamental,
3,Oak-Northern Red ,Good ,-69.64538086,44.56225119,14,...,...,...,...,...,0,>250' ,Bartlett Feb 2024,Ornamental,
618,Oak-Northern Red ,Good ,-69.6548322,44.57984672,18,...,...,...,...,...,0,>250' ,Bartlett Feb 2596,Ornamental,
191,Oak-Northern Red ,Good ,-69.64531562,44.55243591,20,...,...,...,...,...,0,>250' ,Bartlett Feb 2212,Ornamental,
190,Oak-Northern Red ,Good ,-69.64527566,44.55243306,21,...,...,...,...,...,0,>250' ,Bartlett Feb 2211,Ornamental,
188,Oak-Northern Red ,Good ,-69.64519408,44.55237162,24,15,12,...,...,...,0,>250' ,Bartlett Feb 2209,Ornamental,
43,Oak-Northern Red ,Good ,-69.62785319,44.55084898,2,...,...,...,...,...,0,25-250' ,Bartlett Feb 2064,Ornamental,
205,Oak-Northern Red ,Good ,-69.6277022,44.55321821,3,...,...,...,...,...,0,25-250' ,Bartlett Feb 2226,Ornamental,
479,Oak-Northern Red ,Good ,-69.6598445,44.52696046,5,...,...,...,...,...,0,25-250' ,Bartlett Feb 2500,Ornamental,
189,Oak-Northern Red ,Good ,-69.6452416,44.5524109,24,...,...,...,...,...,0,25-250' ,Bartlett Feb 2210,Ornamental,
252,Pine-Eastern White ,Fair ,-69.64608247,44.56168098,23,...,...,...,...,...,0,>250' ,Bartlett Feb 2273,Ornamental,
253,Pine-Eastern White ,Good ,-69.64614689,44.5616547,25,...,...,...,...,...,0,>250' ,Bartlett Feb 2274,Ornamental,
249,Pine-Eastern White ,Poor ,-69.64575626,44.56182928,26,...,...,...,...,...,0,>250' ,Bartlett Feb 2270,Ornamental,
250,Pine-Eastern White ,Fair ,-69.64585753,44.56177075,26,...,...,...,...,...,0,>250' ,Bartlett Feb 2271,Ornamental,
251,Pine-Eastern White ,Good ,-69.64596133,44.5617074,29,...,...,...,...,...,0,>250' ,Bartlett Feb 2272,Ornamental,
248,Pine-Eastern White ,Good ,-69.64568197,44.56183894,36,...,...,...,...,...,0,>250' ,Bartlett Feb 2269,Ornamental,
129,Plum-Purple Leaf ,Fair ,-69.63354304,44.55131818,8,7,7,...,...,...,0,>250' ,Bartlett Feb 2150,Fruiting / Flowering,
468,Poplar-Aspen ,Good ,-69.66059928,44.52713289,5,...,...,...,...,...,0,>250' ,Bartlett Feb 2489,Ornamental,
469,Poplar-Aspen ,Good ,-69.66051077,44.52714467,5,...,...,...,...,...,0,>250' ,Bartlett Feb 2490,Ornamental,
465,Poplar-Aspen ,Good ,-69.66074635,44.52719968,6,...,...,...,...,...,0,>250' ,Bartlett Feb 2486,Ornamental,
466,Poplar-Aspen ,Fair ,-69.66072488,44.52719338,6,...,...,...,...,...,0,>250' ,Bartlett Feb 2487,Ornamental,
411,Poplar-Aspen ,Dead ,-69.66198926,44.52864108,7,...,...,...,...,...,0,>250' ,Bartlett Feb 2432,Ornamental,
463,Poplar-Aspen ,Good ,-69.66085346,44.52718974,8,...,...,...,...,...,0,>250' ,Bartlett Feb 2484,Ornamental,
412,Poplar-Aspen ,Fair ,-69.66200001,44.52864352,9,...,...,...,...,...,0,>250' ,Bartlett Feb 2433,Ornamental,
471,Poplar-Aspen ,Fair ,-69.6604245,44.52698349,9,...,...,...,...,...,0,>250' ,Bartlett Feb 2492,Ornamental,
467,Poplar-Aspen ,Fair ,-69.66071906,44.52714758,11,...,...,...,...,...,0,>250' ,Bartlett Feb 2488,Ornamental,
410,Poplar-Aspen ,Poor ,-69.6619868,44.52853338,15,...,...,...,...,...,0,>250' ,Bartlett Feb 2431,Ornamental,
484,Poplar-Aspen ,Fair ,-69.66016599,44.52699364,12,...,...,...,...,...,0,25-250' ,Bartlett Feb 2505,Ornamental,
473,Poplar-Bigtooth Aspen ,Fair ,-69.66034805,44.52695053,9,...,...,...,...,...,0,>250' ,Bartlett Feb 2494,Ornamental,
515,Poplar-Bigtooth Aspen ,Good ,-69.65466741,44.57946194,9,...,...,...,...,...,0,>250' ,Bartlett Feb 2536,Ornamental,
493,Poplar-Bigtooth Aspen ,Fair ,-69.65592382,44.58055315,11,...,...,...,...,...,0,>250' ,Bartlett Feb 2514,Ornamental,
516,Poplar-Bigtooth Aspen ,Good ,-69.65465143,44.57944651,12,...,...,...,...,...,0,>250' ,Bartlett Feb 2537,Ornamental,
625,Poplar-Bigtooth Aspen ,Fair ,-69.65465933,44.57933404,13,...,...,...,...,...,0,>250' ,Bartlett Feb 2603,Ornamental,
491,Poplar-Bigtooth Aspen ,Good ,-69.65598038,44.58059185,15,...,...,...,...,...,0,>250' ,Bartlett Feb 2512,Ornamental,
514,Poplar-Bigtooth Aspen ,Good ,-69.65472922,44.5795227,15,...,...,...,...,...,0,>250' ,Bartlett Feb 2535,Ornamental,
513,Poplar-Bigtooth Aspen ,Good ,-69.65476461,44.57960751,19,...,...,...,...,...,0,>250' ,Bartlett Feb 2534,Ornamental,
23,Spruce-Colorado Blue ,Good ,-69.63052019,44.56215683,16,...,...,...,...,...,0,>250' ,Bartlett Feb 2044,Ornamental,
22,Spruce-Colorado Blue ,Good ,-69.63051818,44.56226306,17,...,...,...,...,...,0,>250' ,Bartlett Feb 2043,Ornamental,
312,Willow ,Fair ,-69.64233038,44.53534107,31,...,...,...,...,...,0,25-250' ,Bartlett Feb 2333,Ornamental,