,lon,lat,common_name,condition_class,tree_type,entry_source
0,-69.63344511,44.55127084,Crabapple,Good ,Fruiting / Flowering,Bartlett
1,-69.62973408,44.5495351,Crabapple,Fair ,Fruiting / Flowering,Bartlett
2,-69.6271305,44.55195911,Elm,Good ,Ornamental,Bartlett
3,-69.62936061,44.54957609,Elm,Good ,Ornamental,Bartlett
4,-69.66230072,44.52873009,Oak,Good ,Ornamental,Bartlett
5,-69.65900935,44.52789299,Cherry,Poor ,Fruiting / Flowering,Bartlett
6,-69.66150693,44.52850077,Crabapple,Good ,Fruiting / Flowering,Bartlett
7,-69.62717064,44.5521075,Elm,Good ,Ornamental,Bartlett
8,-69.6301038,44.5681192,Pear,Good ,Fruiting / Flowering,Bartlett
9,-69.6270962,44.55225634,Serviceberry,Good ,Bush,Bartlett
10,-69.66154058,44.52850708,Crabapple,Fair ,Fruiting / Flowering,Bartlett
11,-69.62727604,44.55224549,Elm,Good ,Ornamental,Bartlett
12,-69.65262698,44.57611534,Oak,Fair ,Ornamental,Bartlett
13,-69.62733975,44.55069452,Birch,Fair ,Ornamental,Bartlett
14,-69.62782513,44.55110006,Crabapple,Good ,Fruiting / Flowering,Bartlett
15,-69.62748217,44.55064301,Crabapple,Good ,Fruiting / Flowering,Bartlett
16,-69.62744157,44.55065334,Crabapple,Good ,Fruiting / Flowering,Bartlett
17,-69.65270976,44.57625846,Oak,Good ,Ornamental,Bartlett
18,-69.65236748,44.57561059,Oak,Good ,Ornamental,Bartlett
19,-69.66199199,44.52853189,Oak,Good ,Ornamental,Bartlett
20,-69.6602494,44.53418565,Oak,Fair ,Ornamental,Bartlett
21,-69.64312021,44.53454138,Oak,Fair ,Ornamental,Bartlett
22,-69.6272928,44.5527073,Serviceberry,Good ,Bush,Bartlett
23,-69.62982312,44.54962414,Crabapple,Good ,Fruiting / Flowering,Bartlett
24,-69.62752049,44.55065079,Crabapple,Good ,Fruiting / Flowering,Bartlett
25,-69.63316194,44.55088523,Elm,Good ,Ornamental,Bartlett
26,-69.62812371,44.55040987,Elm,Good ,Ornamental,Bartlett
27,-69.65218834,44.5743552,Oak,Good ,Ornamental,Bartlett
28,-69.66124895,44.5277905,Oak,Good ,Ornamental,Bartlett
29,-69.66060913,44.53424287,Oak,Good ,Ornamental,Bartlett
30,-69.64313773,44.53452574,Oak,Fair ,Ornamental,Bartlett
31,-69.64238261,44.53506726,Oak,Good ,Ornamental,Bartlett
32,-69.6272516,44.55264931,Serviceberry,Good ,Bush,Bartlett
33,-69.62729552,44.55263123,Serviceberry,Good ,Bush,Bartlett
34,-69.65940466,44.52692271,Cherry,Fair ,Fruiting / Flowering,Bartlett
35,-69.62756106,44.55066051,Crabapple,Good ,Fruiting / Flowering,Bartlett
36,-69.62758786,44.55068272,Crabapple,Good ,Fruiting / Flowering,Bartlett
37,-69.62723581,44.55280444,Elm,Good ,Ornamental,Bartlett
38,-69.62743323,44.55288368,Elm,Good ,Ornamental,Bartlett
39,-69.65206597,44.57404144,Oak,Good ,Ornamental,Bartlett
40,-69.65267938,44.5761987,Oak,Good ,Ornamental,Bartlett
41,-69.65080745,44.57097762,Oak,Good ,Ornamental,Bartlett
42,-69.65206423,44.57371678,Oak,Good ,Ornamental,Bartlett
43,-69.65110417,44.57096406,Oak,Good ,Ornamental,Bartlett
44,-69.65324524,44.57743118,Oak,Good ,Ornamental,Bartlett
45,-69.64313456,44.53455674,Oak,Good ,Ornamental,Bartlett
46,-69.64359005,44.55103734,Oak,Good ,Ornamental,Bartlett
47,-69.63062361,44.56818771,Pear,Good ,Fruiting / Flowering,Bartlett
48,-69.63042373,44.56816628,Pear,Fair ,Fruiting / Flowering,Bartlett
49,-69.63052176,44.56818053,Pear,Fair ,Fruiting / Flowering,Bartlett
50,-69.6299331,44.56809238,Pear,Poor ,Fruiting / Flowering,Bartlett
51,-69.65216823,44.57445103,Oak,Good ,Ornamental,Bartlett
52,-69.65107462,44.57094074,Oak,Good ,Ornamental,Bartlett
53,-69.65987791,44.52698536,Oak,Good ,Ornamental,Bartlett
54,-69.65459088,44.57916694,Oak,Fair ,Ornamental,Bartlett
55,-69.66215938,44.52860732,Cherry,Fair ,Fruiting / Flowering,Bartlett
56,-69.62820905,44.55183039,Elm,Fair ,Ornamental,Bartlett
57,-69.6427722,44.5509343,Elm,Good ,Ornamental,Bartlett
58,-69.62762859,44.55329479,Elm,Good ,Ornamental,Bartlett
59,-69.62753091,44.55318014,Elm,Good ,Ornamental,Bartlett
60,-69.65227054,44.57530671,Oak,Poor ,Ornamental,Bartlett
61,-69.65500414,44.57974918,Oak,Good ,Ornamental,Bartlett
62,-69.65402914,44.57826316,Oak,Good ,Ornamental,Bartlett
63,-69.64377073,44.53456225,Oak,Good ,Ornamental,Bartlett
64,-69.65120883,44.57112587,Oak,Good ,Ornamental,Bartlett
65,-69.65362163,44.57792831,Oak,Good ,Ornamental,Bartlett
66,-69.65497412,44.58014626,Oak,Good ,Ornamental,Bartlett
67,-69.65112297,44.57101406,Oak,Good ,Ornamental,Bartlett
68,-69.6549539,44.5801069,Oak,Good ,Ornamental,Bartlett
69,-69.65200715,44.57447261,Oak,Fair ,Ornamental,Bartlett
70,-69.65209514,44.57396555,Oak,Good ,Ornamental,Bartlett
71,-69.65981635,44.52698401,Oak,Good ,Ornamental,Bartlett
72,-69.64311727,44.53453753,Oak,Poor ,Ornamental,Bartlett
73,-69.65951182,44.52693367,Oak,Good ,Ornamental,Bartlett
74,-69.65967936,44.52694735,Oak,Good ,Ornamental,Bartlett
75,-69.63023696,44.5681316,Pear,Poor ,Fruiting / Flowering,Bartlett
76,-69.65303682,44.5772068,Oak,Good ,Ornamental,Bartlett
77,-69.66273079,44.52888795,Cherry,Good ,Fruiting / Flowering,Bartlett
78,-69.66239343,44.52878788,Cherry,Fair ,Fruiting / Flowering,Bartlett
79,-69.62758631,44.55079453,Elm,Good ,Ornamental,Bartlett
80,-69.64267103,44.53471302,Elm,Good ,Ornamental,Bartlett
81,-69.6559364,44.5805621,Oak,Good ,Ornamental,Bartlett
82,-69.65234994,44.5756568,Oak,Fair ,Ornamental,Bartlett
83,-69.65937963,44.52722559,Oak,Good ,Ornamental,Bartlett
84,-69.64236979,44.53506288,Oak,Good ,Ornamental,Bartlett
85,-69.66127637,44.52777909,Cherry,Poor ,Fruiting / Flowering,Bartlett
86,-69.66015207,44.53420321,Cherry,Fair ,Fruiting / Flowering,Bartlett
87,-69.66236943,44.52873184,Cherry,Poor ,Fruiting / Flowering,Bartlett
88,-69.66235045,44.52875797,Cherry,Poor ,Fruiting / Flowering,Bartlett
89,-69.64310509,44.5346416,Cherry,Fair ,Fruiting / Flowering,Bartlett
90,-69.62748159,44.55081456,Crabapple,Good ,Fruiting / Flowering,Bartlett
91,-69.62774616,44.55068667,Elm,Good ,Ornamental,Bartlett
92,-69.6629997,44.52905155,Maple,Good ,Fruiting / Flowering,Bartlett
93,-69.64319637,44.53456748,Maple,Good ,Fruiting / Flowering,Bartlett
94,-69.65513893,44.58027553,Oak,Good ,Ornamental,Bartlett
95,-69.65206818,44.57468374,Oak,Fair ,Ornamental,Bartlett
96,-69.65293689,44.57690561,Oak,Good ,Ornamental,Bartlett
97,-69.65516585,44.58030435,Oak,Good ,Ornamental,Bartlett
98,-69.65230512,44.57544751,Oak,Good ,Ornamental,Bartlett
99,-69.65495702,44.58006617,Oak,Good ,Ornamental,Bartlett
100,-69.65942426,44.52694902,Oak,Good ,Ornamental,Bartlett
101,-69.65133159,44.5721718,Oak,Good ,Ornamental,Bartlett
102,-69.65504533,44.58020694,Oak,Good ,Ornamental,Bartlett
103,-69.65520689,44.58040052,Oak,Good ,Ornamental,Bartlett
104,-69.64257227,44.53476168,Oak,Good ,Ornamental,Bartlett
105,-69.65900227,44.5341433,Poplar,Fair ,Ornamental,Bartlett
106,-69.6590225,44.53414999,Poplar,Good ,Ornamental,Bartlett
107,-69.65908337,44.53413742,Poplar,Fair ,Ornamental,Bartlett
108,-69.62710292,44.5522326,Serviceberry,Good ,Bush,Bartlett
109,-69.65336166,44.57763509,Oak,Good ,Ornamental,Bartlett
110,-69.65241095,44.57498831,Oak,Good ,Ornamental,Bartlett
111,-69.65236595,44.57493243,Oak,Fair ,Ornamental,Bartlett
112,-69.65478777,44.57963848,Oak,Poor ,Ornamental,Bartlett
113,-69.65268259,44.57623676,Oak,Good ,Ornamental,Bartlett
114,-69.65973543,44.52693721,Cherry,Poor ,Fruiting / Flowering,Bartlett
115,-69.65427843,44.57851488,Oak,Good ,Ornamental,Bartlett
116,-69.65306835,44.57720163,Oak,Fair ,Ornamental,Bartlett
117,-69.65984036,44.52696524,Oak,Good ,Ornamental,Bartlett
118,-69.66260402,44.52888256,Elm,Good ,Ornamental,Bartlett
119,-69.63295252,44.55078112,Elm,Fair ,Ornamental,Bartlett
120,-69.65230187,44.57540352,Oak,Good ,Ornamental,Bartlett
121,-69.65439304,44.57881204,Oak,Good ,Ornamental,Bartlett
122,-69.65277791,44.57631,Oak,Good ,Ornamental,Bartlett
123,-69.65433897,44.57864415,Oak,Fair ,Ornamental,Bartlett
124,-69.65195175,44.57416678,Oak,Fair ,Ornamental,Bartlett
125,-69.65199138,44.57436582,Oak,Good ,Ornamental,Bartlett
126,-69.62718586,44.55285557,Elm,Good ,Ornamental,Bartlett
127,-69.65226799,44.57530906,Oak,Poor ,Ornamental,Bartlett
128,-69.65225454,44.57537905,Oak,Good ,Ornamental,Bartlett
129,-69.65229843,44.57468022,Oak,Fair ,Ornamental,Bartlett
130,-69.6546466,44.57937535,Oak,Good ,Ornamental,Bartlett
131,-69.65439971,44.57876519,Oak,Fair ,Ornamental,Bartlett
132,-69.66076598,44.53402736,Oak,Good ,Ornamental,Bartlett
133,-69.65206606,44.57393026,Oak,Fair ,Ornamental,Bartlett
134,-69.6425897,44.53476084,Oak,Good ,Ornamental,Bartlett
135,-69.65621874,44.58058279,Poplar,Good ,Ornamental,Bartlett
136,-69.66122492,44.52740095,Cherry,Poor ,Fruiting / Flowering,Bartlett
137,-69.66126843,44.52750085,Cherry,Fair ,Fruiting / Flowering,Bartlett
138,-69.66231483,44.52871846,Cherry,Poor ,Fruiting / Flowering,Bartlett
139,-69.65983454,44.52693969,Cherry,Poor ,Fruiting / Flowering,Bartlett
140,-69.64232827,44.53535187,Elm,Fair ,Ornamental,Bartlett
141,-69.62812148,44.55318007,Maple,Good ,Fruiting / Flowering,Bartlett
142,-69.62813864,44.55320396,Maple,Fair ,Fruiting / Flowering,Bartlett
143,-69.66005798,44.53416864,Oak,Good ,Ornamental,Bartlett
144,-69.65265739,44.57618217,Oak,Good ,Ornamental,Bartlett
145,-69.65211925,44.57474833,Oak,Good ,Ornamental,Bartlett
146,-69.65205625,44.57379336,Oak,Good ,Ornamental,Bartlett
147,-69.65504194,44.58023014,Oak,Good ,Ornamental,Bartlett
148,-69.65229882,44.57544782,Oak,Good ,Ornamental,Bartlett
149,-69.65229111,44.5754978,Oak,Good ,Ornamental,Bartlett
150,-69.65506126,44.5802936,Oak,Good ,Ornamental,Bartlett
151,-69.62771206,44.55104351,Oak,Fair ,Ornamental,Bartlett
152,-69.65893409,44.53416552,Poplar,Poor ,Ornamental,Bartlett
153,-69.62718877,44.55265543,Serviceberry,Good ,Bush,Bartlett
154,-69.62713603,44.55225725,Serviceberry,Good ,Bush,Bartlett
155,-69.62716118,44.55267326,Serviceberry,Good ,Bush,Bartlett
156,-69.66239035,44.52876396,Cherry,Fair ,Fruiting / Flowering,Bartlett
157,-69.66287648,44.52895554,Cherry,Good ,Fruiting / Flowering,Bartlett
158,-69.66311098,44.52912631,Cherry,Good ,Fruiting / Flowering,Bartlett
159,-69.63349676,44.55082061,Elm,Good ,Ornamental,Bartlett
160,-69.62791142,44.55080465,Elm,Good ,Ornamental,Bartlett
161,-69.62770598,44.55062902,Elm,Good ,Ornamental,Bartlett
162,-69.62783225,44.55077055,Elm,Fair ,Ornamental,Bartlett
163,-69.64368187,44.53447497,Maple,Fair ,Ornamental,Bartlett
164,-69.63857977,44.53810995,Maple,Good ,Ornamental,Bartlett
165,-69.62822185,44.55167588,Maple,Good ,Ornamental,Bartlett
166,-69.65453839,44.57912047,Oak,Good ,Ornamental,Bartlett
167,-69.65517702,44.58034696,Oak,Poor ,Ornamental,Bartlett
168,-69.63114357,44.56742048,Oak,Poor ,Ornamental,Bartlett
169,-69.65520196,44.58017348,Oak,Good ,Ornamental,Bartlett
170,-69.65525538,44.58039947,Oak,Good ,Ornamental,Bartlett
171,-69.65146319,44.57196822,Oak,Good ,Ornamental,Bartlett
172,-69.66025894,44.52700934,Poplar,Poor ,Ornamental,Bartlett
173,-69.66013014,44.52703605,Poplar,Poor ,Ornamental,Bartlett
174,-69.66074205,44.53421557,Poplar,Good ,Ornamental,Bartlett
175,-69.63103176,44.56764717,Birch,Good ,Ornamental,Bartlett
176,-69.6610809,44.52735703,Cherry,Fair ,Fruiting / Flowering,Bartlett
177,-69.66285218,44.52892573,Crabapple,Fair ,Fruiting / Flowering,Bartlett
178,-69.62753555,44.55082304,Crabapple,Good ,Fruiting / Flowering,Bartlett
179,-69.66299602,44.52903794,Elm,Good ,Ornamental,Bartlett
180,-69.64236807,44.53519495,Maple,Fair ,Ornamental,Bartlett
181,-69.64630032,44.56156175,Maple,Good ,Ornamental,Bartlett
182,-69.62750334,44.55304226,Maple,Good ,Fruiting / Flowering,Bartlett
183,-69.65523216,44.58035712,Oak,Good ,Ornamental,Bartlett
184,-69.6310976,44.56743681,Oak,Good ,Ornamental,Bartlett
185,-69.65227066,44.5753565,Oak,Good ,Ornamental,Bartlett
186,-69.6521466,44.57431279,Oak,Good ,Ornamental,Bartlett
187,-69.62754872,44.55106704,Oak,Good ,Ornamental,Bartlett
188,-69.65513832,44.58004836,Poplar,Good ,Ornamental,Bartlett
189,-69.65517166,44.58005571,Poplar,Good ,Ornamental,Bartlett
190,-69.66027416,44.52701462,Poplar,Fair ,Ornamental,Bartlett
191,-69.66069974,44.5341746,Poplar,Poor ,Ornamental,Bartlett
192,-69.65624894,44.58060958,Poplar,Good ,Ornamental,Bartlett
193,-69.64632605,44.56190566,Ash,Good ,Ornamental,Bartlett
194,-69.65466363,44.57903512,Ash,Good ,Ornamental,Bartlett
195,-69.6271846,44.55128731,Birch,Good ,Ornamental,Bartlett
196,-69.62708465,44.55221229,Birch,Good ,Ornamental,Bartlett
197,-69.62720395,44.55240169,Birch,Good ,Ornamental,Bartlett
198,-69.62720547,44.55246532,Birch,Good ,Ornamental,Bartlett
199,-69.6272434,44.55249004,Birch,Good ,Ornamental,Bartlett
200,-69.62715524,44.55162685,Birch,Good ,Ornamental,Bartlett
201,-69.62714661,44.55170741,Birch,Good ,Ornamental,Bartlett
202,-69.62718863,44.55115757,Birch,Good ,Ornamental,Bartlett
203,-69.62722403,44.55123127,Birch,Good ,Ornamental,Bartlett
204,-69.66265294,44.52884177,Cherry,Good ,Fruiting / Flowering,Bartlett
205,-69.66227158,44.52868892,Cherry,Fair ,Fruiting / Flowering,Bartlett
206,-69.66119577,44.5274077,Cherry,Poor ,Fruiting / Flowering,Bartlett
207,-69.66226028,44.52868306,Cherry,Fair ,Fruiting / Flowering,Bartlett
208,-69.66054024,44.53417572,Crabapple,Fair ,Fruiting / Flowering,Bartlett
209,-69.62746248,44.55081672,Crabapple,Good ,Fruiting / Flowering,Bartlett
210,-69.63363084,44.55084216,Elm,Good ,Ornamental,Bartlett
211,-69.63375148,44.55085845,Elm,Good ,Ornamental,Bartlett
212,-69.6427559,44.53467235,Elm,Poor ,Ornamental,Bartlett
213,-69.62918076,44.54953646,Linden,Good ,Fruiting / Flowering,Bartlett
214,-69.62833024,44.55019436,Maple,Poor ,Ornamental,Bartlett
215,-69.64368957,44.53447074,Maple,Fair ,Ornamental,Bartlett
216,-69.63054984,44.56715868,Maple,Good ,Ornamental,Bartlett
217,-69.63026018,44.56711401,Maple,Good ,Ornamental,Bartlett
218,-69.65886908,44.53409077,Maple,Fair ,Ornamental,Bartlett
219,-69.66046955,44.53369862,Maple,Good ,Ornamental,Bartlett
220,-69.62819122,44.55231878,Maple,Fair ,Ornamental,Bartlett
221,-69.62817355,44.55267313,Maple,Good ,Ornamental,Bartlett
222,-69.62820363,44.55232415,Maple,Good ,Ornamental,Bartlett
223,-69.62818192,44.55213462,Maple,Good ,Ornamental,Bartlett
224,-69.62822573,44.55196625,Maple,Poor ,Ornamental,Bartlett
225,-69.62822185,44.55153132,Maple,Good ,Ornamental,Bartlett
226,-69.66043364,44.53360227,Maple,Good ,Ornamental,Bartlett
227,-69.6281979,44.55212828,Maple,Good ,Ornamental,Bartlett
228,-69.64617043,44.56322208,Maple,Good ,Ornamental,Bartlett
229,-69.62817362,44.55274113,Maple,Good ,Ornamental,Bartlett
230,-69.64633235,44.56335366,Maple,Good ,Ornamental,Bartlett
231,-69.64320039,44.53460532,Maple,Good ,Ornamental,Bartlett
232,-69.64270538,44.53475359,Maple,Fair ,Ornamental,Bartlett
233,-69.64356065,44.53453711,Maple,Good ,Ornamental,Bartlett
234,-69.66145628,44.5296817,Maple,Good ,Ornamental,Bartlett
235,-69.6551006,44.58026169,Maple,Good ,Ornamental,Bartlett
236,-69.65919484,44.53417385,Maple,Fair ,Ornamental,Bartlett
237,-69.63581713,44.54761293,Maple,Good ,Fruiting / Flowering,Bartlett
238,-69.64528497,44.56175893,Maple,Good ,Fruiting / Flowering,Bartlett
239,-69.64539458,44.56167186,Maple,Good ,Fruiting / Flowering,Bartlett
240,-69.63086446,44.56725279,Maple,Poor ,Fruiting / Flowering,Bartlett
241,-69.62744377,44.55283141,Maple,Good ,Fruiting / Flowering,Bartlett
242,-69.6273906,44.55294809,Maple,Good ,Fruiting / Flowering,Bartlett
243,-69.62746233,44.55296135,Maple,Good ,Fruiting / Flowering,Bartlett
244,-69.62743727,44.55309552,Maple,Good ,Fruiting / Flowering,Bartlett
245,-69.62719854,44.55291042,Oak,Good ,Ornamental,Bartlett
246,-69.65590094,44.58044206,Oak,Good ,Ornamental,Bartlett
247,-69.66053115,44.53378262,Oak,Fair ,Ornamental,Bartlett
248,-69.65588901,44.58049187,Oak,Good ,Ornamental,Bartlett
249,-69.65518239,44.58016492,Oak,Good ,Ornamental,Bartlett
250,-69.66018735,44.53423968,Oak,Good ,Ornamental,Bartlett
251,-69.65527727,44.58044174,Oak,Good ,Ornamental,Bartlett
252,-69.65520043,44.58015056,Oak,Good ,Ornamental,Bartlett
253,-69.6543411,44.57859909,Oak,Good ,Ornamental,Bartlett
254,-69.65451481,44.57905045,Oak,Good ,Ornamental,Bartlett
255,-69.63101194,44.56768366,Oak,Good ,Ornamental,Bartlett
256,-69.65458121,44.57921965,Oak,Good ,Ornamental,Bartlett
257,-69.62778401,44.55094834,Oak,Poor ,Ornamental,Bartlett
258,-69.62743392,44.5511538,Oak,Good ,Ornamental,Bartlett
259,-69.65900871,44.53403201,Poplar,Fair ,Ornamental,Bartlett
260,-69.66074716,44.52720981,Poplar,Fair ,Ornamental,Bartlett
261,-69.66046343,44.52706387,Poplar,Good ,Ornamental,Bartlett
262,-69.66071334,44.53418194,Poplar,Good ,Ornamental,Bartlett
263,-69.66031406,44.52703225,Poplar,Fair ,Ornamental,Bartlett
264,-69.64589251,44.56243805,Ash,Fair ,Ornamental,Bartlett
265,-69.646085,44.56239003,Ash,Good ,Ornamental,Bartlett
266,-69.64594883,44.5624836,Ash,Fair ,Ornamental,Bartlett
267,-69.62809589,44.55312133,Ash,Good ,Ornamental,Bartlett
268,-69.66212271,44.52864173,Ash,Good ,Ornamental,Bartlett
269,-69.66228142,44.52871313,Ash,Good ,Ornamental,Bartlett
270,-69.66127985,44.52756641,Ash,Good ,Ornamental,Bartlett
271,-69.66212275,44.52862035,Ash,Good ,Ornamental,Bartlett
272,-69.66125741,44.52765066,Ash,Good ,Ornamental,Bartlett
273,-69.66127555,44.52751999,Ash,Good ,Ornamental,Bartlett
274,-69.66036438,44.5335723,Ash,Good ,Ornamental,Bartlett
275,-69.66131876,44.52755742,Ash,Good ,Ornamental,Bartlett
276,-69.6613195,44.52755911,Ash,Good ,Ornamental,Bartlett
277,-69.66091603,44.52730561,Ash,Good ,Ornamental,Bartlett
278,-69.63278761,44.54601561,Ash,Fair ,Ornamental,Bartlett
279,-69.66224096,44.52869393,Ash,Good ,Ornamental,Bartlett
280,-69.64601761,44.56237073,Ash,Good ,Ornamental,Bartlett
281,-69.6613353,44.52773077,Ash,Good ,Ornamental,Bartlett
282,-69.63287827,44.54607363,Ash,Good ,Ornamental,Bartlett
283,-69.66214485,44.52868195,Ash,Good ,Ornamental,Bartlett
284,-69.63057267,44.56236789,Ash,Good ,Ornamental,Bartlett
285,-69.63049274,44.56249971,Ash,Good ,Ornamental,Bartlett
286,-69.65500827,44.57985172,Ash,Good ,Ornamental,Bartlett
287,-69.66213098,44.52868401,Ash,Good ,Ornamental,Bartlett
288,-69.64499615,44.56214932,Ash,Good ,Ornamental,Bartlett
289,-69.66023061,44.53345698,Ash,Fair ,Ornamental,Bartlett
290,-69.64793841,44.56468515,Ash,Good ,Ornamental,Bartlett
291,-69.64648709,44.56202372,Ash,Good ,Ornamental,Bartlett
292,-69.64641177,44.56196783,Ash,Good ,Ornamental,Bartlett
293,-69.64667151,44.56212773,Ash,Poor ,Ornamental,Bartlett
294,-69.64813773,44.56485917,Ash,Good ,Ornamental,Bartlett
295,-69.64670203,44.56220275,Ash,Good ,Ornamental,Bartlett
296,-69.64659459,44.56208688,Ash,Poor ,Ornamental,Bartlett
297,-69.64625049,44.56185291,Ash,Good ,Ornamental,Bartlett
298,-69.62817896,44.5507748,Ash,Good ,Ornamental,Bartlett
299,-69.6592438,44.52755863,Ash,Poor ,Ornamental,Bartlett
300,-69.66049002,44.53373404,Ash,Good ,Ornamental,Bartlett
301,-69.66052149,44.53379658,Ash,Poor ,Ornamental,Bartlett
302,-69.65919482,44.52761053,Ash,Poor ,Ornamental,Bartlett
303,-69.65908037,44.53410169,Ash,Good ,Ornamental,Bartlett
304,-69.65903201,44.53405363,Ash,Good ,Ornamental,Bartlett
305,-69.65657839,44.581199,Ash,Good ,Ornamental,Bartlett
306,-69.65470291,44.57912686,Ash,Good ,Ornamental,Bartlett
307,-69.65496195,44.5800711,Ash,Good ,Ornamental,Bartlett
308,-69.62814937,44.55061341,Ash,Good ,Ornamental,Bartlett
309,-69.660664,44.53388939,Ash,Poor ,Ornamental,Bartlett
310,-69.65924315,44.52745821,Ash,Poor ,Ornamental,Bartlett
311,-69.65962359,44.53418581,Ash,Good ,Ornamental,Bartlett
312,-69.65896764,44.53412625,Ash,Good ,Ornamental,Bartlett
313,-69.65455173,44.57907147,Ash,Poor ,Ornamental,Bartlett
314,-69.66053675,44.53381194,Ash,Fair ,Ornamental,Bartlett
315,-69.65930333,44.5273026,Ash,Poor ,Ornamental,Bartlett
316,-69.65882396,44.53406609,Ash,Fair ,Ornamental,Bartlett
317,-69.65487207,44.57998129,Ash,Good ,Ornamental,Bartlett
318,-69.63458309,44.54596771,Ash,Poor ,Ornamental,Bartlett
319,-69.66076853,44.53402976,Ash,Good ,Ornamental,Bartlett
320,-69.65891494,44.53409026,Ash,Fair ,Ornamental,Bartlett
321,-69.65471286,44.57915674,Ash,Good ,Ornamental,Bartlett
322,-69.66071671,44.53403109,Ash,Good ,Ornamental,Bartlett
323,-69.65536307,44.58031352,Ash,Good ,Ornamental,Bartlett
324,-69.65497191,44.57971781,Ash,Good ,Ornamental,Bartlett
325,-69.63481117,44.54577818,Ash,Fair ,Ornamental,Bartlett
326,-69.66056451,44.53379963,Ash,Fair ,Ornamental,Bartlett
327,-69.66056436,44.53381506,Ash,Fair ,Ornamental,Bartlett
328,-69.66071255,44.53399366,Ash,Good ,Ornamental,Bartlett
329,-69.66077438,44.53402674,Ash,Good ,Ornamental,Bartlett
330,-69.65464951,44.57900704,Ash,Fair ,Ornamental,Bartlett
331,-69.66125904,44.52744635,Ash,Good ,Ornamental,Bartlett
332,-69.66026335,44.53435602,Ash,Good ,Ornamental,Bartlett
333,-69.66072207,44.53402718,Ash,Good ,Ornamental,Bartlett
334,-69.65496013,44.5796295,Ash,Good ,Ornamental,Bartlett
335,-69.66066448,44.53392025,Ash,Good ,Ornamental,Bartlett
336,-69.65526482,44.58025061,Ash,Good ,Ornamental,Bartlett
337,-69.62773993,44.55078428,Ash,Good ,Ornamental,Bartlett
338,-69.62767459,44.55070357,Ash,Fair ,Ornamental,Bartlett
339,-69.65954621,44.52694167,Ash,Good ,Ornamental,Bartlett
340,-69.62768555,44.55084344,Ash,Fair ,Ornamental,Bartlett
341,-69.66049525,44.53371769,Beech,Fair ,Ornamental,Bartlett
342,-69.65459642,44.57922567,Birch,Good ,Ornamental,Bartlett
343,-69.6560053,44.58062281,Birch,Good ,Ornamental,Bartlett
344,-69.65463902,44.57929706,Birch,Good ,Ornamental,Bartlett
345,-69.66029106,44.53347953,Birch,Good ,Ornamental,Bartlett
346,-69.65468104,44.57941279,Birch,Good ,Ornamental,Bartlett
347,-69.63355749,44.5464196,Birch,Good ,Ornamental,Bartlett
348,-69.65975225,44.52693828,Birch,Poor ,Ornamental,Bartlett
349,-69.62726698,44.55263141,Birch,Poor ,Ornamental,Bartlett
350,-69.62722375,44.55251928,Birch,Good ,Ornamental,Bartlett
351,-69.62716716,44.55257609,Birch,Good ,Ornamental,Bartlett
352,-69.62704316,44.5515117,Birch,Good ,Ornamental,Bartlett
353,-69.62719541,44.55166743,Birch,Good ,Ornamental,Bartlett
354,-69.62712477,44.55228637,Birch,Good ,Ornamental,Bartlett
355,-69.62722306,44.55235753,Birch,Good ,Ornamental,Bartlett
356,-69.62715494,44.5524321,Birch,Good ,Ornamental,Bartlett
357,-69.62719614,44.55231663,Birch,Good ,Ornamental,Bartlett
358,-69.6271921,44.55268889,Birch,Good ,Ornamental,Bartlett
359,-69.62741295,44.5528875,Birch,Good ,Ornamental,Bartlett
360,-69.62723514,44.55127531,Birch,Fair ,Ornamental,Bartlett
361,-69.62738108,44.5526602,Birch,Good ,Ornamental,Bartlett
362,-69.62734546,44.55291072,Birch,Fair ,Ornamental,Bartlett
363,-69.62739787,44.55291468,Birch,Good ,Ornamental,Bartlett
364,-69.66257096,44.52881244,Cherry,Poor ,Fruiting / Flowering,Bartlett
365,-69.66125847,44.52740197,Cherry,Dead ,Fruiting / Flowering,Bartlett
366,-69.66113757,44.52734815,Cherry,Fair ,Fruiting / Flowering,Bartlett
367,-69.63290179,44.55084571,Elm,Fair ,Ornamental,Bartlett
368,-69.63336672,44.55080302,Elm,Fair ,Ornamental,Bartlett
369,-69.64579829,44.56226307,Elm,Dead ,Ornamental,Bartlett
370,-69.65986478,44.52698952,Elm,Poor ,Ornamental,Bartlett
371,-69.64302478,44.53468325,Elm,Poor ,Ornamental,Bartlett
372,-69.63353144,44.55100537,Ginkgo,Good ,Ornamental,Bartlett
373,-69.6271779,44.55135179,Honeylocust,Good ,Fruiting / Flowering,Bartlett
374,-69.62713498,44.55146478,Honeylocust,Good ,Fruiting / Flowering,Bartlett
375,-69.62717293,44.55159065,Honeylocust,Good ,Fruiting / Flowering,Bartlett
376,-69.64730043,44.56412779,Honeylocust,Good ,Fruiting / Flowering,Bartlett
377,-69.63302203,44.54616133,Honeylocust,Good ,Fruiting / Flowering,Bartlett
378,-69.64739607,44.56422083,Honeylocust,Good ,Fruiting / Flowering,Bartlett
379,-69.63315978,44.55124643,Honeylocust,Good ,Fruiting / Flowering,Bartlett
380,-69.62749804,44.5526394,Honeylocust,Fair ,Fruiting / Flowering,Bartlett
381,-69.62750592,44.55256399,Honeylocust,Good ,Fruiting / Flowering,Bartlett
382,-69.6275226,44.55247297,Honeylocust,Good ,Fruiting / Flowering,Bartlett
383,-69.62746561,44.55239309,Honeylocust,Good ,Fruiting / Flowering,Bartlett
384,-69.62738693,44.5523417,Honeylocust,Fair ,Fruiting / Flowering,Bartlett
385,-69.6273077,44.55230811,Honeylocust,Good ,Fruiting / Flowering,Bartlett
386,-69.62962292,44.54958675,Honeylocust,Good ,Fruiting / Flowering,Bartlett
387,-69.64836331,44.56501944,Honeylocust,Good ,Fruiting / Flowering,Bartlett
388,-69.63315023,44.55112273,Horsechestnut,Fair ,Fruiting / Flowering,Bartlett
389,-69.63371266,44.55132367,Lilac,Good ,Fruiting / Flowering,Bartlett
390,-69.66029276,44.53327968,Linden,Good ,Fruiting / Flowering,Bartlett
391,-69.62902753,44.54952102,Linden,Good ,Fruiting / Flowering,Bartlett
392,-69.62902942,44.54959769,Linden,Good ,Fruiting / Flowering,Bartlett
393,-69.64717981,44.56404483,Linden,Good ,Fruiting / Flowering,Bartlett
394,-69.62905829,44.54946569,Linden,Fair ,Fruiting / Flowering,Bartlett
395,-69.63463146,44.54580237,Linden,Poor ,Fruiting / Flowering,Bartlett
396,-69.63461065,44.54561383,Linden,Fair ,Fruiting / Flowering,Bartlett
397,-69.64804215,44.5647744,Linden,Good ,Fruiting / Flowering,Bartlett
398,-69.6328552,44.54621844,Locust,Good ,Fruiting / Flowering,Bartlett
399,-69.6333794,44.54638352,Locust,Good ,Fruiting / Flowering,Bartlett
400,-69.63368534,44.54647386,Locust,Fair ,Fruiting / Flowering,Bartlett
401,-69.63372459,44.54646835,Locust,Good ,Fruiting / Flowering,Bartlett
402,-69.6332622,44.54627605,Locust,Good ,Fruiting / Flowering,Bartlett
403,-69.63361944,44.5464475,Locust,Good ,Fruiting / Flowering,Bartlett
404,-69.63374075,44.54646066,Locust,Good ,Fruiting / Flowering,Bartlett
405,-69.63329641,44.54627963,Locust,Good ,Fruiting / Flowering,Bartlett
406,-69.63334217,44.54638278,Locust,Good ,Fruiting / Flowering,Bartlett
407,-69.63356545,44.54643262,Locust,Good ,Fruiting / Flowering,Bartlett
408,-69.66123037,44.52787699,Maple,Fair ,Ornamental,Bartlett
409,-69.64326011,44.53459879,Maple,Good ,Ornamental,Bartlett
410,-69.64256249,44.53501675,Maple,Fair ,Ornamental,Bartlett
411,-69.64342227,44.53455206,Maple,Poor ,Ornamental,Bartlett
412,-69.65999375,44.52703713,Maple,Poor ,Ornamental,Bartlett
413,-69.64334724,44.53454887,Maple,Poor ,Ornamental,Bartlett
414,-69.64272214,44.53471499,Maple,Poor ,Ornamental,Bartlett
415,-69.64266331,44.53472552,Maple,Poor ,Ornamental,Bartlett
416,-69.63071042,44.56718859,Maple,Good ,Ornamental,Bartlett
417,-69.63861643,44.53793262,Maple,Good ,Ornamental,Bartlett
418,-69.63063244,44.56716256,Maple,Good ,Ornamental,Bartlett
419,-69.6303465,44.56710716,Maple,Good ,Ornamental,Bartlett
420,-69.63045771,44.56715136,Maple,Fair ,Ornamental,Bartlett
421,-69.6386266,44.53800454,Maple,Good ,Ornamental,Bartlett
422,-69.63006394,44.56710058,Maple,Good ,Ornamental,Bartlett
423,-69.63889521,44.53781538,Maple,Good ,Ornamental,Bartlett
424,-69.6386728,44.53786054,Maple,Good ,Ornamental,Bartlett
425,-69.63858019,44.5380571,Maple,Good ,Ornamental,Bartlett
426,-69.63020158,44.56711241,Maple,Good ,Ornamental,Bartlett
427,-69.63002,44.56705826,Maple,Good ,Ornamental,Bartlett
428,-69.63331682,44.55085895,Maple,Good ,Ornamental,Bartlett
429,-69.63589461,44.54762061,Maple,Good ,Ornamental,Bartlett
430,-69.66175257,44.52854729,Maple,Good ,Ornamental,Bartlett
431,-69.63390284,44.55138589,Maple,Good ,Ornamental,Bartlett
432,-69.63372764,44.54535486,Maple,Good ,Ornamental,Bartlett
433,-69.63329828,44.54628923,Maple,Good ,Ornamental,Bartlett
434,-69.63365708,44.54647788,Maple,Fair ,Ornamental,Bartlett
435,-69.6281684,44.5524669,Maple,Good ,Ornamental,Bartlett
436,-69.62819048,44.55241391,Maple,Fair ,Ornamental,Bartlett
437,-69.65937075,44.53413968,Maple,Good ,Ornamental,Bartlett
438,-69.63371142,44.54647356,Maple,Good ,Ornamental,Bartlett
439,-69.62820539,44.55232666,Maple,Fair ,Ornamental,Bartlett
440,-69.62820807,44.55213434,Maple,Fair ,Ornamental,Bartlett
441,-69.66038122,44.53364227,Maple,Good ,Ornamental,Bartlett
442,-69.65905731,44.53410232,Maple,Good ,Ornamental,Bartlett
443,-69.65939488,44.53410101,Maple,Good ,Ornamental,Bartlett
444,-69.65969233,44.53417682,Maple,Good ,Ornamental,Bartlett
445,-69.65470062,44.57943086,Maple,Good ,Ornamental,Bartlett
446,-69.6333227,44.54631953,Maple,Good ,Ornamental,Bartlett
447,-69.63422512,44.54619594,Maple,Good ,Ornamental,Bartlett
448,-69.63460312,44.54594094,Maple,Good ,Ornamental,Bartlett
449,-69.62821225,44.55215308,Maple,Good ,Ornamental,Bartlett
450,-69.65896232,44.53418763,Maple,Good ,Ornamental,Bartlett
451,-69.65474051,44.57922792,Maple,Good ,Ornamental,Bartlett
452,-69.63401391,44.54631335,Maple,Good ,Ornamental,Bartlett
453,-69.63461321,44.54596156,Maple,Good ,Ornamental,Bartlett
454,-69.64671208,44.56367408,Maple,Good ,Ornamental,Bartlett
455,-69.64309064,44.55164845,Maple,Fair ,Ornamental,Bartlett
456,-69.62817826,44.55215685,Maple,Good ,Ornamental,Bartlett
457,-69.65953031,44.53418113,Maple,Good ,Ornamental,Bartlett
458,-69.6342978,44.54616962,Maple,Poor ,Ornamental,Bartlett
459,-69.6281902,44.55218148,Maple,Fair ,Ornamental,Bartlett
460,-69.65911292,44.53409457,Maple,Good ,Ornamental,Bartlett
461,-69.63425038,44.54619189,Maple,Good ,Ornamental,Bartlett
462,-69.62820801,44.55153929,Maple,Fair ,Ornamental,Bartlett
463,-69.65949103,44.52698646,Maple,Good ,Ornamental,Bartlett
464,-69.64648815,44.56347963,Maple,Fair ,Ornamental,Bartlett
465,-69.64664797,44.56361455,Maple,Good ,Ornamental,Bartlett
466,-69.6465797,44.56355262,Maple,Good ,Ornamental,Bartlett
467,-69.62819165,44.55204287,Maple,Good ,Ornamental,Bartlett
468,-69.63470439,44.54569451,Maple,Good ,Ornamental,Bartlett
469,-69.63417941,44.54623037,Maple,Fair ,Ornamental,Bartlett
470,-69.62792949,44.5506272,Maple,Good ,Ornamental,Bartlett
471,-69.63453822,44.54553113,Maple,Good ,Ornamental,Bartlett
472,-69.63445819,44.54547729,Maple,Fair ,Ornamental,Bartlett
473,-69.63303671,44.55069348,Maple,Good ,Ornamental,Bartlett
474,-69.63390118,44.5510491,Maple,Good ,Ornamental,Bartlett
475,-69.62975644,44.54960304,Maple,Good ,Ornamental,Bartlett
476,-69.6342989,44.54533784,Maple,Fair ,Ornamental,Bartlett
477,-69.63373802,44.55102391,Maple,Good ,Ornamental,Bartlett
478,-69.63328662,44.55095784,Maple,Good ,Ornamental,Bartlett
479,-69.6333238,44.54525793,Maple,Fair ,Ornamental,Bartlett
480,-69.63276773,44.55101145,Maple,Fair ,Ornamental,Bartlett
481,-69.64353336,44.53454246,Maple,Good ,Ornamental,Bartlett
482,-69.64349706,44.53455149,Maple,Poor ,Ornamental,Bartlett
483,-69.64344598,44.53456475,Maple,Good ,Ornamental,Bartlett
484,-69.64338189,44.53457238,Maple,Fair ,Ornamental,Bartlett
485,-69.64320682,44.5346077,Maple,Fair ,Ornamental,Bartlett
486,-69.64318114,44.53458154,Maple,Good ,Ornamental,Bartlett
487,-69.64352913,44.53454964,Maple,Good ,Ornamental,Bartlett
488,-69.64334845,44.53457698,Maple,Fair ,Ornamental,Bartlett
489,-69.64328551,44.5345948,Maple,Good ,Ornamental,Bartlett
490,-69.64313165,44.53462185,Maple,Good ,Ornamental,Bartlett
491,-69.64230887,44.53531566,Maple,Good ,Ornamental,Bartlett
492,-69.64257299,44.53501076,Maple,Fair ,Ornamental,Bartlett
493,-69.64262405,44.53480587,Maple,Good ,Ornamental,Bartlett
494,-69.64272362,44.53472453,Maple,Good ,Ornamental,Bartlett
495,-69.64361338,44.53450418,Maple,Good ,Ornamental,Bartlett
496,-69.64274184,44.53468001,Maple,Good ,Ornamental,Bartlett
497,-69.64359378,44.53454761,Maple,Fair ,Ornamental,Bartlett
498,-69.64317976,44.53462483,Maple,Fair ,Ornamental,Bartlett
499,-69.64235559,44.53529669,Maple,Good ,Ornamental,Bartlett
500,-69.64269917,44.5347537,Maple,Fair ,Ornamental,Bartlett
501,-69.64317502,44.53464393,Maple,Good ,Ornamental,Bartlett
502,-69.64264796,44.53483439,Maple,Good ,Ornamental,Bartlett
503,-69.64230205,44.53537953,Maple,Good ,Ornamental,Bartlett
504,-69.64263646,44.53490603,Maple,Fair ,Ornamental,Bartlett
505,-69.64238849,44.53523868,Maple,Fair ,Ornamental,Bartlett
506,-69.64342738,44.53458264,Maple,Good ,Ornamental,Bartlett
507,-69.64239857,44.53525082,Maple,Fair ,Ornamental,Bartlett
508,-69.64239196,44.5352082,Maple,Good ,Ornamental,Bartlett
509,-69.65969443,44.52693741,Maple,Good ,Ornamental,Bartlett
510,-69.62876178,44.54941921,Maple,Good ,Ornamental,Bartlett
511,-69.6287653,44.54949374,Maple,Good ,Ornamental,Bartlett
512,-69.63310436,44.54543136,Maple,Good ,Ornamental,Bartlett
513,-69.6281027,44.55025992,Maple,Good ,Ornamental,Bartlett
514,-69.62808311,44.55014118,Maple,Good ,Ornamental,Bartlett
515,-69.63907348,44.53803848,Maple,Good ,Ornamental,Bartlett
516,-69.63917058,44.53822385,Maple,Good ,Ornamental,Bartlett
517,-69.64275606,44.55107723,Maple,Good ,Ornamental,Bartlett
518,-69.64335151,44.55101145,Maple,Good ,Ornamental,Bartlett
519,-69.64311374,44.55098204,Maple,Good ,Ornamental,Bartlett
520,-69.6548316,44.57973804,Maple,Good ,Ornamental,Bartlett
521,-69.64439896,44.56121992,Maple,Good ,Ornamental,Bartlett
522,-69.64425967,44.5613081,Maple,Good ,Ornamental,Bartlett
523,-69.64454186,44.56112626,Maple,Good ,Ornamental,Bartlett
524,-69.65490524,44.58001249,Maple,Good ,Ornamental,Bartlett
525,-69.65487176,44.57982492,Maple,Good ,Ornamental,Bartlett
526,-69.65481867,44.57979996,Maple,Good ,Ornamental,Bartlett
527,-69.65483946,44.57976069,Maple,Fair ,Ornamental,Bartlett
528,-69.64276354,44.55128251,Maple,Good ,Ornamental,Bartlett
529,-69.64400863,44.56133151,Maple,Good ,Ornamental,Bartlett
530,-69.64444365,44.56177962,Maple,Good ,Ornamental,Bartlett
531,-69.64573697,44.56285747,Maple,Good ,Ornamental,Bartlett
532,-69.64573242,44.56222013,Maple,Good ,Ornamental,Bartlett
533,-69.6456567,44.56278073,Maple,Good ,Ornamental,Bartlett
534,-69.64461863,44.5619405,Maple,Good ,Ornamental,Bartlett
535,-69.64418364,44.56141461,Maple,Good ,Ornamental,Bartlett
536,-69.65484788,44.57980563,Maple,Fair ,Ornamental,Bartlett
537,-69.63304568,44.54552593,Maple,Poor ,Ornamental,Bartlett
538,-69.64423633,44.56160908,Maple,Good ,Ornamental,Bartlett
539,-69.64436237,44.56170881,Maple,Good ,Ornamental,Bartlett
540,-69.63879801,44.53782851,Maple,Good ,Ornamental,Bartlett
541,-69.64453966,44.56184921,Maple,Good ,Ornamental,Bartlett
542,-69.62983177,44.5670452,Maple,Good ,Ornamental,Bartlett
543,-69.63899434,44.53784446,Maple,Good ,Ornamental,Bartlett
544,-69.6302281,44.56254839,Maple,Fair ,Ornamental,Bartlett
545,-69.66251899,44.5287757,Maple,Good ,Ornamental,Bartlett
546,-69.63016546,44.56265488,Maple,Fair ,Ornamental,Bartlett
547,-69.64451086,44.56150788,Maple,Good ,Ornamental,Bartlett
548,-69.62733837,44.55100255,Maple,Fair ,Ornamental,Bartlett
549,-69.63329081,44.5452914,Maple,Fair ,Ornamental,Bartlett
550,-69.62723591,44.55314357,Maple,Good ,Fruiting / Flowering,Bartlett
551,-69.63911017,44.53794242,Maple,Good ,Fruiting / Flowering,Bartlett
552,-69.63904152,44.53813477,Maple,Good ,Fruiting / Flowering,Bartlett
553,-69.63751572,44.53904151,Maple,Fair ,Fruiting / Flowering,Bartlett
554,-69.6590599,44.5340518,Maple,Fair ,Fruiting / Flowering,Bartlett
555,-69.63319352,44.55073933,Maple,Fair ,Fruiting / Flowering,Bartlett
556,-69.62749411,44.55273771,Maple,Good ,Fruiting / Flowering,Bartlett
557,-69.63282115,44.54589188,Oak,Fair ,Ornamental,Bartlett
558,-69.66023132,44.53327615,Oak,Fair ,Ornamental,Bartlett
559,-69.66076403,44.53406335,Oak,Good ,Ornamental,Bartlett
560,-69.66008333,44.53419321,Oak,Good ,Ornamental,Bartlett
561,-69.65966529,44.53410914,Oak,Good ,Ornamental,Bartlett
562,-69.65955788,44.53413367,Oak,Good ,Ornamental,Bartlett
563,-69.65466851,44.57935092,Oak,Good ,Ornamental,Bartlett
564,-69.64538086,44.56225119,Oak,Good ,Ornamental,Bartlett
565,-69.6548322,44.57984672,Oak,Good ,Ornamental,Bartlett
566,-69.64531562,44.55243591,Oak,Good ,Ornamental,Bartlett
567,-69.64527566,44.55243306,Oak,Good ,Ornamental,Bartlett
568,-69.64519408,44.55237162,Oak,Good ,Ornamental,Bartlett
569,-69.62785319,44.55084898,Oak,Good ,Ornamental,Bartlett
570,-69.6277022,44.55321821,Oak,Good ,Ornamental,Bartlett
571,-69.6598445,44.52696046,Oak,Good ,Ornamental,Bartlett
572,-69.6452416,44.5524109,Oak,Good ,Ornamental,Bartlett
573,-69.64608247,44.56168098,Pine,Fair ,Ornamental,Bartlett
574,-69.64614689,44.5616547,Pine,Good ,Ornamental,Bartlett
575,-69.64575626,44.56182928,Pine,Poor ,Ornamental,Bartlett
576,-69.64585753,44.56177075,Pine,Fair ,Ornamental,Bartlett
577,-69.64596133,44.5617074,Pine,Good ,Ornamental,Bartlett
578,-69.64568197,44.56183894,Pine,Good ,Ornamental,Bartlett
579,-69.63354304,44.55131818,Plum,Fair ,Fruiting / Flowering,Bartlett
580,-69.66059928,44.52713289,Poplar,Good ,Ornamental,Bartlett
581,-69.66051077,44.52714467,Poplar,Good ,Ornamental,Bartlett
582,-69.66074635,44.52719968,Poplar,Good ,Ornamental,Bartlett
583,-69.66072488,44.52719338,Poplar,Fair ,Ornamental,Bartlett
584,-69.66198926,44.52864108,Poplar,Dead ,Ornamental,Bartlett
585,-69.66085346,44.52718974,Poplar,Good ,Ornamental,Bartlett
586,-69.66200001,44.52864352,Poplar,Fair ,Ornamental,Bartlett
587,-69.6604245,44.52698349,Poplar,Fair ,Ornamental,Bartlett
588,-69.66071906,44.52714758,Poplar,Fair ,Ornamental,Bartlett
589,-69.6619868,44.52853338,Poplar,Poor ,Ornamental,Bartlett
590,-69.66016599,44.52699364,Poplar,Fair ,Ornamental,Bartlett
591,-69.66034805,44.52695053,Poplar,Fair ,Ornamental,Bartlett
592,-69.65466741,44.57946194,Poplar,Good ,Ornamental,Bartlett
593,-69.65592382,44.58055315,Poplar,Fair ,Ornamental,Bartlett
594,-69.65465143,44.57944651,Poplar,Good ,Ornamental,Bartlett
595,-69.65465933,44.57933404,Poplar,Fair ,Ornamental,Bartlett
596,-69.65598038,44.58059185,Poplar,Good ,Ornamental,Bartlett
597,-69.65472922,44.5795227,Poplar,Good ,Ornamental,Bartlett
598,-69.65476461,44.57960751,Poplar,Good ,Ornamental,Bartlett
599,-69.63052019,44.56215683,Spruce,Good ,Ornamental,Bartlett
600,-69.63051818,44.56226306,Spruce,Good ,Ornamental,Bartlett
601,-69.64233038,44.53534107,Willow,Fair ,Ornamental,Bartlett
0,-69.679596,44.509692,Oak,Continuous,Ornamental,MSFS Winter Web Survey
1,-69.663829,44.529162,Maple,Continuous,Fruiting / Flowering,MSFS Winter Web Survey
2,-69.654267,44.534331,Oak,Continuous,Ornamental,MSFS Winter Web Survey
3,-69.658993,44.556211,Oak,Continuous,Ornamental,MSFS Winter Web Survey
4,-69.655218,44.552073,Oak,Patchy,Ornamental,MSFS Winter Web Survey
5,-69.661264,44.562742,Oak,Continuous,Ornamental,MSFS Winter Web Survey
6,-69.673118,44.548565,Oak,Continuous,Ornamental,MSFS Winter Web Survey
7,-69.676892,44.550539,Oak,Continuous,Ornamental,MSFS Winter Web Survey
8,-69.666891,44.56439,Oak,Continuous,Ornamental,MSFS Winter Web Survey
9,-69.660862,44.567792,Oak,Patchy,Ornamental,MSFS Winter Web Survey
10,-69.649482,44.566065,Oak,Continuous,Ornamental,MSFS Winter Web Survey
11,-69.653691,44.568677,Oak,Continuous,Ornamental,MSFS Winter Web Survey
12,-69.653691,44.568677,Oak,Continuous,Ornamental,MSFS Winter Web Survey
13,-69.648023,44.581446,Oak,Patchy,Ornamental,MSFS Winter Web Survey
14,-69.644022,44.576472,Oak,Continuous,Ornamental,MSFS Winter Web Survey
15,-69.661636,44.542792,Oak,Patchy,Ornamental,MSFS Winter Web Survey
16,-69.661636,44.542792,Oak,Patchy,Ornamental,MSFS Winter Web Survey
17,-69.661636,44.542792,Oak,Patchy,Ornamental,MSFS Winter Web Survey
18,-69.661636,44.542792,Oak,Patchy,Ornamental,MSFS Winter Web Survey
19,-69.661636,44.542792,Oak,Patchy,Ornamental,MSFS Winter Web Survey
20,-69.661636,44.542792,Oak,Patchy,Ornamental,MSFS Winter Web Survey
21,-69.661636,44.542792,Oak,Patchy,Ornamental,MSFS Winter Web Survey
22,-69.661636,44.542792,Oak,Patchy,Ornamental,MSFS Winter Web Survey
23,-69.661636,44.542792,Oak,Patchy,Ornamental,MSFS Winter Web Survey
24,-69.661636,44.542792,Oak,Patchy,Ornamental,MSFS Winter Web Survey
25,-69.661636,44.542792,Oak,Patchy,Ornamental,MSFS Winter Web Survey
26,-69.640377,44.57088,Oak,Continuous,Ornamental,MSFS Winter Web Survey
27,-69.637458,44.566048,Oak,Patchy,Ornamental,MSFS Winter Web Survey
28,-69.63196,44.555783,Oak,Patchy,Ornamental,MSFS Winter Web Survey
29,-69.632225,44.551624,Oak,Patchy,Ornamental,MSFS Winter Web Survey
30,-69.635816,44.5465,Oak,Patchy,Ornamental,MSFS Winter Web Survey
31,-69.641063,44.543434,Oak,Continuous,Ornamental,MSFS Winter Web Survey
32,-69.648855,44.540224,Oak,Patchy,Ornamental,MSFS Winter Web Survey
33,-69.661636,44.542792,Oak,Patchy,Ornamental,MSFS Winter Web Survey
34,-69.670174,44.544284,Oak,Patchy,Ornamental,MSFS Winter Web Survey
0,-69.640555,44.560474,,,,Citizen Survey
1,-69.652439,44.552399,Crabapple,,Fruiting / Flowering,Citizen Survey
2,-69.641394,44.540578,,,,Citizen Survey
3,-69.644153,44.549889,,,,Citizen Survey
4,-69.630605,44.553242,Oak,,Ornamental,Citizen Survey
5,-69.630605,44.553242,Maple,,Ornamental,Citizen Survey
6,-69.630605,44.553242,Ash,,Ornamental,Citizen Survey
7,-69.630605,44.553242,Birch,,Ornamental,Citizen Survey
8,-69.628226,44.556896,,,,Citizen Survey
9,-69.656161,44.551369,Oak,,Ornamental,Citizen Survey
10,-69.656161,44.551369,Maple,,Ornamental,Citizen Survey
11,-69.656161,44.551369,Birch,,Ornamental,Citizen Survey
12,-69.644794,44.544097,Oak,,Ornamental,Citizen Survey
13,-69.644794,44.544097,Maple,,Ornamental,Citizen Survey
14,-69.670326,44.548163,Oak,,Ornamental,Citizen Survey
15,-69.670326,44.548163,Birch,,Ornamental,Citizen Survey
16,-69.670326,44.548163,Serviceberry,,Ornamental,Citizen Survey
17,-69.663665,44.543651,Apple,,Fruiting / Flowering,Citizen Survey
18,-69.663665,44.543651,Crabapple,,Fruiting / Flowering,Citizen Survey
19,-69.669199,44.548741,Oak,,Ornamental,Citizen Survey
20,-69.669199,44.548741,Maple,,Ornamental,Citizen Survey
21,-69.669199,44.548741,Birch,,Ornamental,Citizen Survey
22,-69.669199,44.548741,Crabapple,,Fruiting / Flowering,Citizen Survey
23,-69.660484,44.545065,Oak,,Ornamental,Citizen Survey
24,-69.660484,44.545065,Birch,,Ornamental,Citizen Survey
25,-69.670521,44.548684,,,,Citizen Survey
26,-69.641126,44.57523,Oak,,Ornamental,Citizen Survey
27,-69.641126,44.57523,Birch,,Ornamental,Citizen Survey
28,-69.661749,44.544553,Pear,,Fruiting / Flowering,Citizen Survey
29,-69.661749,44.544553,Hawthorn,,Fruiting / Flowering,Citizen Survey
30,-69.670521,44.548684,,,,Citizen Survey
31,-69.662876,44.545136,Birch,,Ornamental,Citizen Survey
32,-69.662876,44.545136,Apple,,Fruiting / Flowering,Citizen Survey
33,-69.662876,44.545136,Crabapple,,Fruiting / Flowering,Citizen Survey
34,-69.661131,44.543841,,,,Citizen Survey
35,-69.660988,44.544544,Ash,,Ornamental,Citizen Survey
36,-69.659686,44.546348,Oak,,Ornamental,Citizen Survey
37,-69.659686,44.546348,Maple,,Ornamental,Citizen Survey
38,-69.659686,44.546348,Birch,,Ornamental,Citizen Survey
39,-69.648421,44.56697,,,,Citizen Survey
40,-69.658142,44.546195,,,,Citizen Survey
41,-69.655729,44.549882,Oak,,Ornamental,Citizen Survey
42,-69.655365,44.548844,Oak,,Ornamental,Citizen Survey
43,-69.655365,44.548844,Birch,,Ornamental,Citizen Survey
44,-69.655365,44.548844,Apple,,Fruiting / Flowering,Citizen Survey
45,-69.655365,44.548844,Crabapple,,Fruiting / Flowering,Citizen Survey
46,-69.660032,44.547426,Oak,,Ornamental,Citizen Survey
47,-69.660032,44.547426,Maple,,Ornamental,Citizen Survey
48,-69.660032,44.547426,Ash,,Ornamental,Citizen Survey
49,-69.660802,44.54486,Oak,,Ornamental,Citizen Survey
50,-69.660802,44.54486,Birch,,Ornamental,Citizen Survey
51,-69.658456,44.546679,Cherry,,Fruiting / Flowering,Citizen Survey
52,-69.658456,44.546679,Hawthorn,,Fruiting / Flowering,Citizen Survey
53,-69.662991,44.543569,Apple,,Fruiting / Flowering,Citizen Survey
54,-69.662991,44.543569,Crabapple,,Fruiting / Flowering,Citizen Survey
55,-69.658765,44.547812,,,,Citizen Survey
56,-69.657145,44.549833,Crabapple,,Fruiting / Flowering,Citizen Survey
57,-69.661074,44.538287,Maple,,Ornamental,Citizen Survey
58,-69.661074,44.538287,Birch,,Ornamental,Citizen Survey
59,-69.661214,44.537522,Oak,,Ornamental,Citizen Survey
60,-69.661214,44.537522,Maple,,Ornamental,Citizen Survey
61,-69.661799,44.537256,,,,Citizen Survey
62,-69.661322,44.538465,,,,Citizen Survey
63,-69.661564,44.537685,Oak,,Ornamental,Citizen Survey
64,-69.661564,44.537685,Maple,,Ornamental,Citizen Survey
65,-69.663935,44.537501,Crabapple,,Fruiting / Flowering,Citizen Survey
66,-69.647373,44.57294,,,,Citizen Survey
67,-69.638146,44.549743,,,,Citizen Survey
68,-69.654421,44.555066,,,,Citizen Survey
69,-69.660287,44.547128,Oak,,Ornamental,Citizen Survey
70,-69.660287,44.547128,Birch,,Ornamental,Citizen Survey
71,-69.65705,44.539751,Maple,,Ornamental,Citizen Survey
72,-69.65705,44.539751,Pear,,Fruiting / Flowering,Citizen Survey
73,-69.641926,44.552913,Maple,,Ornamental,Citizen Survey
74,-69.641926,44.552913,Crabapple,,Fruiting / Flowering,Citizen Survey
75,-69.654996,44.549692,Oak,,Ornamental,Citizen Survey
76,-69.654996,44.549692,Maple,,Ornamental,Citizen Survey
77,-69.636663,44.539029,,,,Citizen Survey
78,-69.652681,44.551506,Birch,,Ornamental,Citizen Survey
79,-69.638212,44.55929,Crabapple,,Fruiting / Flowering,Citizen Survey
80,-69.661101,44.543418,Oak,,Ornamental,Citizen Survey
81,-69.639582,44.555051,,,,Citizen Survey
82,-69.641519,44.573693,,,,Citizen Survey
83,-69.66126,44.545853,Birch,,Ornamental,Citizen Survey
84,-69.66126,44.545853,Crabapple,,Fruiting / Flowering,Citizen Survey
85,-69.659267,44.539342,Cherry,,Fruiting / Flowering,Citizen Survey
86,-69.6402,44.555124,Oak,,Ornamental,Citizen Survey
87,-69.6402,44.555124,Crabapple,,Fruiting / Flowering,Citizen Survey
88,-69.637085,44.576554,,,,Citizen Survey
89,-69.647681,44.558138,Maple,,Ornamental,Citizen Survey
90,-69.647681,44.558138,Crabapple,,Fruiting / Flowering,Citizen Survey
91,-69.647021,44.555909,,,,Citizen Survey
92,-69.656476,44.549738,Crabapple,,Fruiting / Flowering,Citizen Survey
93,-69.645603,44.557555,,,,Citizen Survey
94,-69.641329,44.555338,Oak,,Ornamental,Citizen Survey
95,-69.641329,44.555338,Pear,,Fruiting / Flowering,Citizen Survey
96,-69.646415,44.549539,,,,Citizen Survey
97,-69.646404,44.549687,,,,Citizen Survey
98,-69.656639,44.550227,Oak,,Ornamental,Citizen Survey
99,-69.656639,44.550227,Maple,,Ornamental,Citizen Survey
100,-69.656639,44.550227,Birch,,Ornamental,Citizen Survey
101,-69.637755,44.541066,,,,Citizen Survey
102,-69.650073,44.555266,Apple,,Fruiting / Flowering,Citizen Survey
103,-69.650073,44.555266,Crabapple,,Fruiting / Flowering,Citizen Survey
104,-69.640596,44.555626,Oak,,Ornamental,Citizen Survey
105,-69.640596,44.555626,Crabapple,,Fruiting / Flowering,Citizen Survey
106,-69.65439,44.551145,Oak,,Ornamental,Citizen Survey
107,-69.637661,44.538807,Oak,,Ornamental,Citizen Survey
108,-69.653292,44.554906,Crabapple,,Fruiting / Flowering,Citizen Survey
109,-69.659029,44.54054,Pear,,Fruiting / Flowering,Citizen Survey
110,-69.659029,44.54054,Cherry,,Fruiting / Flowering,Citizen Survey
111,-69.647864,44.546789,Oak,,Ornamental,Citizen Survey
112,-69.637144,44.547943,,,,Citizen Survey
113,-69.660389,44.547838,Maple,,Ornamental,Citizen Survey
114,-69.647114,44.544493,,,,Citizen Survey
115,-69.655198,44.542984,,,,Citizen Survey
116,-69.661916,44.545358,,,,Citizen Survey
117,-69.63307,44.576293,Apple,,Fruiting / Flowering,Citizen Survey
118,-69.63307,44.576293,Pear,,Fruiting / Flowering,Citizen Survey
119,-69.63307,44.576293,Cherry,,Fruiting / Flowering,Citizen Survey
120,-69.651354,44.552747,,,,Citizen Survey
121,-69.6482,44.549335,Maple,,Ornamental,Citizen Survey
122,-69.636044,44.576402,Maple,,Ornamental,Citizen Survey
123,-69.658715,44.546169,Oak,,Ornamental,Citizen Survey
124,-69.658715,44.546169,Maple,,Ornamental,Citizen Survey
125,-69.658715,44.546169,Apple,,Fruiting / Flowering,Citizen Survey
126,-69.668401,44.54925,Oak,,Ornamental,Citizen Survey
127,-69.668401,44.54925,Pear,,Fruiting / Flowering,Citizen Survey
128,-69.65095,44.541883,,,,Citizen Survey
129,-69.647034,44.549161,,,,Citizen Survey
130,-69.647286,44.549187,,,,Citizen Survey
131,-69.676661,44.516855,,,,Citizen Survey
132,-69.642028,44.557585,Apple,,Fruiting / Flowering,Citizen Survey
133,-69.642028,44.557585,Pear,,Fruiting / Flowering,Citizen Survey
134,-69.651192,44.553423,,,,Citizen Survey
135,-69.647596,44.555001,,,,Citizen Survey
136,-69.656045,44.551676,Oak,,Ornamental,Citizen Survey
137,-69.656045,44.551676,Maple,,Ornamental,Citizen Survey
138,-69.656045,44.551676,Crabapple,,Fruiting / Flowering,Citizen Survey
139,-69.636208,44.577558,Oak,,Ornamental,Citizen Survey
140,-69.636208,44.577558,Apple,,Fruiting / Flowering,Citizen Survey
141,-69.636208,44.577558,Crabapple,,Fruiting / Flowering,Citizen Survey
142,-69.636208,44.577558,Pear,,Fruiting / Flowering,Citizen Survey
143,-69.657362,44.549571,Oak,,Ornamental,Citizen Survey
144,-69.657362,44.549571,Birch,,Ornamental,Citizen Survey
145,-69.637432,44.574319,Oak,,Ornamental,Citizen Survey
146,-69.637432,44.574319,Maple,,Ornamental,Citizen Survey
147,-69.637432,44.574319,Apple,,Fruiting / Flowering,Citizen Survey
148,-69.637432,44.574319,Crabapple,,Fruiting / Flowering,Citizen Survey
149,-69.643683,44.553565,,,,Citizen Survey
150,-69.655078,44.550817,Oak,,Ornamental,Citizen Survey
151,-69.634238,44.57535,,,,Citizen Survey
152,-69.645013,44.553737,,,,Citizen Survey
153,-69.642965,44.53925,Oak,,Ornamental,Citizen Survey
154,-69.642965,44.53925,Apple,,Fruiting / Flowering,Citizen Survey
155,-69.643043,44.543976,,,,Citizen Survey
156,-69.635133,44.561562,,,,Citizen Survey
157,-69.661397,44.545136,Birch,,Ornamental,Citizen Survey
158,-69.637366,44.552133,,,,Citizen Survey
159,-69.689079,44.537922,Crabapple,,Fruiting / Flowering,Citizen Survey
160,-69.626889,44.5707,,,,Citizen Survey
161,-69.640901,44.542723,,,,Citizen Survey
162,-69.654962,44.543233,,,,Citizen Survey
163,-69.639648,44.551256,,,,Citizen Survey
164,-69.637837,44.552562,Crabapple,,Fruiting / Flowering,Citizen Survey
165,-69.658721,44.540011,,,,Citizen Survey
166,-69.657098,44.546286,,,,Citizen Survey
167,-69.638273,44.540622,,,,Citizen Survey
168,-69.649545,44.545123,,,,Citizen Survey
169,-69.640406,44.557256,Oak,,Ornamental,Citizen Survey
170,-69.673414,44.547992,Maple,,Ornamental,Citizen Survey
171,-69.673414,44.547992,Birch,,Ornamental,Citizen Survey
172,-69.639093,44.552938,,,,Citizen Survey
173,-69.669347,44.549533,Ash,,Ornamental,Citizen Survey
174,-69.680826,44.506117,Apple,,Fruiting / Flowering,Citizen Survey
175,-69.65652,44.54687,,,,Citizen Survey
176,-69.648662,44.548351,Oak,,Ornamental,Citizen Survey
177,-69.648662,44.548351,Maple,,Ornamental,Citizen Survey
178,-69.648662,44.548351,Birch,,Ornamental,Citizen Survey
179,-69.648662,44.548351,Apple,,Fruiting / Flowering,Citizen Survey
180,-69.648662,44.548351,Pear,,Fruiting / Flowering,Citizen Survey
181,-69.654746,44.548681,Oak,,Ornamental,Citizen Survey
182,-69.645876,44.550248,,,,Citizen Survey
183,-69.641345,44.561941,,,,Citizen Survey
184,-69.64218,44.56281,,,,Citizen Survey
185,-69.638232,44.578402,Oak,,Ornamental,Citizen Survey
186,-69.638232,44.578402,Apple,,Fruiting / Flowering,Citizen Survey
187,-69.638232,44.578402,Crabapple,,Fruiting / Flowering,Citizen Survey
188,-69.638232,44.578402,Pear,,Fruiting / Flowering,Citizen Survey
189,-69.638232,44.578402,Cherry,,Fruiting / Flowering,Citizen Survey
190,-69.638232,44.578402,Serviceberry,,Ornamental,Citizen Survey
191,-69.655002,44.545128,Ash,,Ornamental,Citizen Survey
192,-69.655002,44.545128,Cherry,,Fruiting / Flowering,Citizen Survey
193,-69.649959,44.546692,,,,Citizen Survey
194,-69.638543,44.5803,,,,Citizen Survey
195,-69.646256,44.549954,,,,Citizen Survey
196,-69.657846,44.545593,Oak,,Ornamental,Citizen Survey
197,-69.65589,44.545744,,,,Citizen Survey
198,-69.658909,44.547235,,,,Citizen Survey
199,-69.656928,44.546274,Oak,,Ornamental,Citizen Survey
200,-69.661223,44.537524,Oak,,Ornamental,Citizen Survey
201,-69.661223,44.537524,Crabapple,,Fruiting / Flowering,Citizen Survey
202,-69.647874,44.538664,,,,Citizen Survey
203,-69.656636,44.532596,Oak,,Ornamental,Citizen Survey
204,-69.656636,44.532596,Maple,,Ornamental,Citizen Survey
205,-69.638006,44.560578,,,,Citizen Survey
206,-69.645117,44.553404,,,,Citizen Survey
207,-69.654103,44.555869,,,,Citizen Survey
208,-69.63323,44.562549,,,,Citizen Survey
209,-69.675013,44.548491,Apple,,Fruiting / Flowering,Citizen Survey
210,-69.675013,44.548491,Pear,,Fruiting / Flowering,Citizen Survey
211,-69.653161,44.553299,,,,Citizen Survey
212,-69.639236,44.561895,,,,Citizen Survey
213,-69.672021,44.552132,Oak,,Ornamental,Citizen Survey
214,-69.672021,44.552132,Cherry,,Fruiting / Flowering,Citizen Survey
215,-69.637363,44.560474,,,,Citizen Survey
216,-69.655654,44.540947,,,,Citizen Survey
217,-69.631943,44.559991,,,,Citizen Survey
218,-69.655624,44.555693,Apple,,Fruiting / Flowering,Citizen Survey
219,-69.647618,44.556441,,,,Citizen Survey
220,-69.656036,44.545311,,,,Citizen Survey
221,-69.640557,44.561829,,,,Citizen Survey
222,-69.656372,44.544976,Apple,,Fruiting / Flowering,Citizen Survey
223,-69.671433,44.521261,,,,Citizen Survey
224,-69.644969,44.562835,,,,Citizen Survey
225,-69.641631,44.555881,Oak,,Ornamental,Citizen Survey
226,-69.641631,44.555881,Apple,,Fruiting / Flowering,Citizen Survey
227,-69.642145,44.539655,,,,Citizen Survey
228,-69.646082,44.549005,Oak,,Ornamental,Citizen Survey
229,-69.635969,44.561413,,,,Citizen Survey
230,-69.645345,44.540483,,,,Citizen Survey
231,-69.654741,44.554438,,,,Citizen Survey
232,-69.639772,44.555104,,,,Citizen Survey
233,-69.634679,44.560921,,,,Citizen Survey
234,-69.673268,44.52102,,,,Citizen Survey
235,-69.649965,44.544391,Apple,,Fruiting / Flowering,Citizen Survey
236,-69.64021,44.550267,,,,Citizen Survey
237,-69.642826,44.563184,,,,Citizen Survey
238,-69.636513,44.575513,,,,Citizen Survey
239,-69.659131,44.536218,Oak,,Ornamental,Citizen Survey
240,-69.659131,44.536218,Ash,,Ornamental,Citizen Survey
241,-69.651375,44.554601,,,,Citizen Survey
242,-69.635279,44.551276,,,,Citizen Survey
243,-69.659389,44.54734,Oak,,Ornamental,Citizen Survey
244,-69.659389,44.54734,Maple,,Ornamental,Citizen Survey
245,-69.659389,44.54734,Birch,,Ornamental,Citizen Survey
246,-69.659389,44.54734,Crabapple,,Fruiting / Flowering,Citizen Survey
247,-69.659389,44.54734,Cherry,,Fruiting / Flowering,Citizen Survey
248,-69.63794,44.550486,,,,Citizen Survey
249,-69.64134,44.562643,,,,Citizen Survey
250,-69.641268,44.556081,Cherry,,Fruiting / Flowering,Citizen Survey
251,-69.654447,44.547877,,,,Citizen Survey
252,-69.674377,44.552834,,,,Citizen Survey
253,-69.634901,44.575544,,,,Citizen Survey
254,-69.652952,44.553764,Maple,,Ornamental,Citizen Survey
255,-69.713565,44.513763,,,,Citizen Survey
256,-69.628029,44.564896,,,,Citizen Survey
257,-69.658623,44.535227,,,,Citizen Survey
258,-69.651814,44.548824,,,,Citizen Survey
259,-69.664057,44.543793,Apple,,Fruiting / Flowering,Citizen Survey
260,-69.664057,44.543793,Crabapple,,Fruiting / Flowering,Citizen Survey
261,-69.664057,44.543793,Hawthorn,,Fruiting / Flowering,Citizen Survey
262,-69.668398,44.549403,Oak,,Ornamental,Citizen Survey
263,-69.668398,44.549403,Maple,,Ornamental,Citizen Survey
264,-69.668398,44.549403,Ash,,Ornamental,Citizen Survey
265,-69.668398,44.549403,Birch,,Ornamental,Citizen Survey
266,-69.668398,44.549403,Crabapple,,Fruiting / Flowering,Citizen Survey
267,-69.650917,44.552524,,,,Citizen Survey
268,-69.635747,44.542774,,,,Citizen Survey
269,-69.645608,44.548256,,,,Citizen Survey
270,-69.641892,44.556073,,,,Citizen Survey
271,-69.655127,44.554616,Oak,,Ornamental,Citizen Survey
272,-69.641385,44.572983,,,,Citizen Survey
273,-69.628631,44.529517,,,,Citizen Survey
274,-69.63632,44.554893,Cherry,,Fruiting / Flowering,Citizen Survey
275,-69.638445,44.555269,,,,Citizen Survey
276,-69.637729,44.550798,,,,Citizen Survey
277,-69.655512,44.532841,Crabapple,,Fruiting / Flowering,Citizen Survey
278,-69.645482,44.557979,,,,Citizen Survey
279,-69.659813,44.543642,Oak,,Ornamental,Citizen Survey
280,-69.630627,44.551787,Ash,,Ornamental,Citizen Survey
281,-69.630627,44.551787,Crabapple,,Fruiting / Flowering,Citizen Survey
282,-69.639593,44.555451,Apple,,Fruiting / Flowering,Citizen Survey
283,-69.644782,44.550975,Crabapple,,Fruiting / Flowering,Citizen Survey
284,-69.642801,44.543793,Oak,,Ornamental,Citizen Survey
285,-69.659022,44.545474,Oak,,Ornamental,Citizen Survey
286,-69.659022,44.545474,Apple,,Fruiting / Flowering,Citizen Survey
287,-69.714351,44.514712,Maple,,Ornamental,Citizen Survey
288,-69.67041,44.544561,Maple,,Ornamental,Citizen Survey
289,-69.67041,44.544561,Cherry,,Fruiting / Flowering,Citizen Survey
290,-69.658989,44.540383,Apple,,Fruiting / Flowering,Citizen Survey
291,-69.658989,44.540383,Cherry,,Fruiting / Flowering,Citizen Survey
292,-69.649152,44.548888,,,,Citizen Survey
293,-69.669037,44.548877,,,,Citizen Survey
294,-69.639072,44.563043,Crabapple,,Fruiting / Flowering,Citizen Survey
295,-69.636633,44.543193,Apple,,Fruiting / Flowering,Citizen Survey
296,-69.674516,44.550195,,,,Citizen Survey
297,-69.66183,44.546088,Oak,,Ornamental,Citizen Survey
298,-69.66183,44.546088,Birch,,Ornamental,Citizen Survey
299,-69.668389,44.549337,Oak,,Ornamental,Citizen Survey
300,-69.668389,44.549337,Ash,,Ornamental,Citizen Survey
301,-69.668389,44.549337,Crabapple,,Fruiting / Flowering,Citizen Survey
302,-69.645203,44.543581,Oak,,Ornamental,Citizen Survey
303,-69.645203,44.543581,Maple,,Ornamental,Citizen Survey
304,-69.645203,44.543581,Birch,,Ornamental,Citizen Survey
305,-69.645203,44.543581,Apple,,Fruiting / Flowering,Citizen Survey
306,-69.635651,44.557638,,,,Citizen Survey
307,-69.637756,44.574578,Crabapple,,Fruiting / Flowering,Citizen Survey
308,-69.636521,44.559506,,,,Citizen Survey
309,-69.668583,44.549321,Oak,,Ornamental,Citizen Survey
310,-69.668583,44.549321,Ash,,Ornamental,Citizen Survey
311,-69.668583,44.549321,Apple,,Fruiting / Flowering,Citizen Survey
312,-69.668583,44.549321,Crabapple,,Fruiting / Flowering,Citizen Survey
313,-69.633289,44.558736,,,,Citizen Survey
314,-69.644682,44.555094,Oak,,Ornamental,Citizen Survey
315,-69.632085,44.562042,,,,Citizen Survey
316,-69.635022,44.544349,,,,Citizen Survey
317,-69.664114,44.538296,,,,Citizen Survey
318,-69.639209,44.560075,,,,Citizen Survey
319,-69.657731,44.547115,,,,Citizen Survey
320,-69.639883,44.550849,Crabapple,,Fruiting / Flowering,Citizen Survey
321,-69.67736,44.510936,Crabapple,,Fruiting / Flowering,Citizen Survey
322,-69.641568,44.561611,,,,Citizen Survey
323,-69.637193,44.540885,,,,Citizen Survey
324,-69.635739,44.55477,,,,Citizen Survey
325,-69.642751,44.575248,Crabapple,,Fruiting / Flowering,Citizen Survey
326,-69.654463,44.5358,,,,Citizen Survey
327,-69.655159,44.55124,Oak,,Ornamental,Citizen Survey
328,-69.655159,44.55124,Maple,,Ornamental,Citizen Survey
329,-69.655159,44.55124,Ash,,Ornamental,Citizen Survey
330,-69.633816,44.559679,,,,Citizen Survey
331,-69.646765,44.557887,,,,Citizen Survey
332,-69.639117,44.540127,,,,Citizen Survey
333,-69.661126,44.538431,,,,Citizen Survey
334,-69.650274,44.581206,,,,Citizen Survey
335,-69.640848,44.570596,Birch,,Ornamental,Citizen Survey
336,-69.640848,44.570596,Apple,,Fruiting / Flowering,Citizen Survey
337,-69.640848,44.570596,Crabapple,,Fruiting / Flowering,Citizen Survey
338,-69.640848,44.570596,Serviceberry,,Ornamental,Citizen Survey
339,-69.656337,44.550765,Oak,,Ornamental,Citizen Survey
340,-69.656337,44.550765,Maple,,Ornamental,Citizen Survey
341,-69.644374,44.556239,,,,Citizen Survey
342,-69.64969,44.543475,,,,Citizen Survey
343,-69.657779,44.540192,Maple,,Ornamental,Citizen Survey
344,-69.657586,44.543767,,,,Citizen Survey
345,-69.655425,44.550847,,,,Citizen Survey
346,-69.642683,44.558175,Oak,,Ornamental,Citizen Survey
347,-69.63492,44.546047,,,,Citizen Survey
348,-69.693755,44.534766,,,,Citizen Survey
349,-69.63015,44.557187,Crabapple,,Fruiting / Flowering,Citizen Survey
350,-69.650029,44.554123,Crabapple,,Fruiting / Flowering,Citizen Survey
351,-69.674505,44.549777,Oak,,Ornamental,Citizen Survey
352,-69.642501,44.556389,Oak,,Ornamental,Citizen Survey
353,-69.642501,44.556389,Maple,,Ornamental,Citizen Survey
354,-69.638816,44.561528,Serviceberry,,Ornamental,Citizen Survey
355,-69.658118,44.535126,,,,Citizen Survey
356,-69.641362,44.559779,,,,Citizen Survey
357,-69.65535,44.549821,Oak,,Ornamental,Citizen Survey
358,-69.65535,44.549821,Maple,,Ornamental,Citizen Survey
359,-69.65535,44.549821,Crabapple,,Fruiting / Flowering,Citizen Survey
360,-69.674461,44.511651,Apple,,Fruiting / Flowering,Citizen Survey
361,-69.674461,44.511651,Crabapple,,Fruiting / Flowering,Citizen Survey
362,-69.674461,44.511651,Pear,,Fruiting / Flowering,Citizen Survey
363,-69.674461,44.511651,Cherry,,Fruiting / Flowering,Citizen Survey
364,-69.674461,44.511651,Serviceberry,,Ornamental,Citizen Survey
365,-69.657976,44.547677,,,,Citizen Survey
366,-69.65187,44.547027,,,,Citizen Survey
367,-69.663514,44.536972,Oak,,Ornamental,Citizen Survey
368,-69.663514,44.536972,Crabapple,,Fruiting / Flowering,Citizen Survey
369,-69.637476,44.554747,,,,Citizen Survey
370,-69.66986,44.52294,,,,Citizen Survey
371,-69.639981,44.550646,Birch,,Ornamental,Citizen Survey
372,-69.647368,44.542394,,,,Citizen Survey
373,-69.644547,44.556499,,,,Citizen Survey
374,-69.660478,44.540163,,,,Citizen Survey
375,-69.653753,44.554778,Apple,,Fruiting / Flowering,Citizen Survey
376,-69.637223,44.546493,,,,Citizen Survey
377,-69.638723,44.562249,,,,Citizen Survey
378,-69.672799,44.554095,Oak,,Ornamental,Citizen Survey
379,-69.672799,44.554095,Maple,,Ornamental,Citizen Survey
380,-69.672799,44.554095,Ash,,Ornamental,Citizen Survey
381,-69.672799,44.554095,Birch,,Ornamental,Citizen Survey
382,-69.672799,44.554095,Apple,,Fruiting / Flowering,Citizen Survey
383,-69.672799,44.554095,Pear,,Fruiting / Flowering,Citizen Survey
384,-69.640287,44.550955,,,,Citizen Survey
385,-69.627258,44.566399,,,,Citizen Survey
386,-69.617809,44.554321,Oak,,Ornamental,Citizen Survey
387,-69.617809,44.554321,Maple,,Ornamental,Citizen Survey
388,-69.637834,44.552364,,,,Citizen Survey
389,-69.658342,44.547733,Maple,,Ornamental,Citizen Survey
390,-69.658342,44.547733,Cherry,,Fruiting / Flowering,Citizen Survey
391,-69.658566,44.545823,Oak,,Ornamental,Citizen Survey
392,-69.658566,44.545823,Crabapple,,Fruiting / Flowering,Citizen Survey
393,-69.641433,44.536094,Oak,,Ornamental,Citizen Survey
394,-69.641433,44.536094,Crabapple,,Fruiting / Flowering,Citizen Survey
395,-69.641433,44.536094,Cherry,,Fruiting / Flowering,Citizen Survey
396,-69.657623,44.547598,Birch,,Ornamental,Citizen Survey
397,-69.650101,44.550958,,,,Citizen Survey
398,-69.652325,44.542145,Maple,,Ornamental,Citizen Survey
399,-69.652325,44.542145,Crabapple,,Fruiting / Flowering,Citizen Survey
400,-69.628121,44.564612,Apple,,Fruiting / Flowering,Citizen Survey
401,-69.652271,44.554187,Oak,,Ornamental,Citizen Survey
402,-69.652271,44.554187,Maple,,Ornamental,Citizen Survey
403,-69.638682,44.576297,Maple,,Ornamental,Citizen Survey
404,-69.638682,44.576297,Apple,,Fruiting / Flowering,Citizen Survey
405,-69.643165,44.56253,,,,Citizen Survey
406,-69.641127,44.558161,,,,Citizen Survey
407,-69.64557,44.551078,Crabapple,,Fruiting / Flowering,Citizen Survey
408,-69.645423,44.556049,Crabapple,,Fruiting / Flowering,Citizen Survey
409,-69.651458,44.583999,Ash,,Ornamental,Citizen Survey
410,-69.651458,44.583999,Apple,,Fruiting / Flowering,Citizen Survey
411,-69.651458,44.583999,Crabapple,,Fruiting / Flowering,Citizen Survey
412,-69.651458,44.583999,Pear,,Fruiting / Flowering,Citizen Survey
413,-69.660137,44.537833,Oak,,Ornamental,Citizen Survey
414,-69.660137,44.537833,Maple,,Ornamental,Citizen Survey
415,-69.660137,44.537833,Birch,,Ornamental,Citizen Survey
416,-69.635415,44.57528,Birch,,Ornamental,Citizen Survey
417,-69.635415,44.57528,Crabapple,,Fruiting / Flowering,Citizen Survey
418,-69.638878,44.548789,,,,Citizen Survey
419,-69.631768,44.548437,,,,Citizen Survey
420,-69.650531,44.581713,Oak,,Ornamental,Citizen Survey
421,-69.627805,44.56569,,,,Citizen Survey
422,-69.647373,44.57294,Oak,,Ornamental,Citizen Survey
423,-69.647373,44.57294,Maple,,Ornamental,Citizen Survey
424,-69.637476,44.554747,Maple,,Ornamental,Citizen Survey
425,-69.656161,44.551369,Oak,,Ornamental,Citizen Survey
426,-69.656161,44.551369,Maple,,Ornamental,Citizen Survey
427,-69.656161,44.551369,Birch,,Ornamental,Citizen Survey
428,-69.650842,44.554226,,,,Citizen Survey
429,-69.637468,44.555139,,,,Citizen Survey
430,-69.639806,44.552497,Oak,,Ornamental,Citizen Survey
431,-69.639806,44.552497,Maple,,Ornamental,Citizen Survey
432,-69.639806,44.552497,Ash,,Ornamental,Citizen Survey
433,-69.640182,44.551154,Maple,,Ornamental,Citizen Survey
434,-69.647373,44.57294,Oak,,Ornamental,Citizen Survey
435,-69.647373,44.57294,Maple,,Ornamental,Citizen Survey
436,-69.655619,44.550233,Oak,,Ornamental,Citizen Survey
437,-69.655619,44.550233,Maple,,Ornamental,Citizen Survey
438,-69.625076,44.568972,,,,Citizen Survey
439,-69.65633,44.5499,Oak,,Ornamental,Citizen Survey
440,-69.65633,44.5499,Birch,,Ornamental,Citizen Survey
441,-69.65568,44.53437,Crabapple,,Fruiting / Flowering,Citizen Survey
442,-69.65601,44.53378,Oak,,Ornamental,Citizen Survey
443,-69.65601,44.53378,Apple,,Fruiting / Flowering,Citizen Survey
444,-69.63965,44.55899,Oak,,Ornamental,Citizen Survey
445,-69.63965,44.55899,Maple,,Ornamental,Citizen Survey
446,-69.63965,44.55899,Ash,,Ornamental,Citizen Survey
447,-69.63965,44.55899,Crabapple,,Fruiting / Flowering,Citizen Survey
448,-69.67416,44.54855,Oak,,Ornamental,Citizen Survey
449,-69.6613049,44.5464554,,,,Citizen Survey
450,-69.6610623,44.5467089,,,,Citizen Survey
451,-69.6557809,44.5562056,,,,Citizen Survey
452,-69.6544947,44.5566046,,,,Citizen Survey
453,-69.6765813,44.550228,,,,Citizen Survey
454,-69.6429653,44.53925,,,,Citizen Survey
455,-69.6519612,44.5546655,,,,Citizen Survey
456,-69.6592533,44.5459271,,,,Citizen Survey
457,-69.6623593,44.54563,,,,Citizen Survey
458,-69.65958,44.546992,,,,Citizen Survey
459,-69.6400932,44.5545526,,,,Citizen Survey
460,-69.641001,44.555568,,,,Citizen Survey
461,-69.6599706,44.5470213,,,,Citizen Survey
462,-69.6587647,44.5478115,,,,Citizen Survey
463,-69.6579763,44.5476765,,,,Citizen Survey
464,-69.6581422,44.5461946,,,,Citizen Survey
465,-69.6626245,44.5445932,,,,Citizen Survey
466,-69.6623124,44.5448246,,,,Citizen Survey
467,-69.6528622,44.5541787,,,,Citizen Survey
468,-69.6743767,44.5528338,,,,Citizen Survey
469,-69.6549964,44.5496922,,,,Citizen Survey
470,-69.655564,44.5548339,,,,Citizen Survey
471,-69.6610908,44.5442195,,,,Citizen Survey
472,-69.6384453,44.5552685,,,,Citizen Survey
473,-69.6623593,44.54563,,,,Citizen Survey
474,-69.6720205,44.552132,,,,Citizen Survey
475,-69.6407775,44.5561062,,,,Citizen Survey
