,lon,lat,common_name,tree_type,entry_source
0,-69.640555,44.560474,,,Citizen Survey 2021
1,-69.652439,44.552399,Crabapple,Fruiting / Flowering,Citizen Survey 2021
2,-69.641394,44.540578,,,Citizen Survey 2021
3,-69.644153,44.549889,,,Citizen Survey 2021
4,-69.630605,44.553242,Oak,Ornamental,Citizen Survey 2021
5,-69.630605,44.553242,Maple,Ornamental,Citizen Survey 2021
6,-69.630605,44.553242,Ash,Ornamental,Citizen Survey 2021
7,-69.630605,44.553242,Birch,Ornamental,Citizen Survey 2021
8,-69.628226,44.556896,,,Citizen Survey 2021
9,-69.656161,44.551369,Oak,Ornamental,Citizen Survey 2021
10,-69.656161,44.551369,Maple,Ornamental,Citizen Survey 2021
11,-69.656161,44.551369,Birch,Ornamental,Citizen Survey 2021
12,-69.644794,44.544097,Oak,Ornamental,Citizen Survey 2021
13,-69.644794,44.544097,Maple,Ornamental,Citizen Survey 2021
14,-69.670326,44.548163,Oak,Ornamental,Citizen Survey 2021
15,-69.670326,44.548163,Birch,Ornamental,Citizen Survey 2021
16,-69.670326,44.548163,Serviceberry,Ornamental,Citizen Survey 2021
17,-69.663665,44.543651,Apple,Fruiting / Flowering,Citizen Survey 2021
18,-69.663665,44.543651,Crabapple,Fruiting / Flowering,Citizen Survey 2021
19,-69.669199,44.548741,Oak,Ornamental,Citizen Survey 2021
20,-69.669199,44.548741,Maple,Ornamental,Citizen Survey 2021
21,-69.669199,44.548741,Birch,Ornamental,Citizen Survey 2021
22,-69.669199,44.548741,Crabapple,Fruiting / Flowering,Citizen Survey 2021
23,-69.660484,44.545065,Oak,Ornamental,Citizen Survey 2021
24,-69.660484,44.545065,Birch,Ornamental,Citizen Survey 2021
25,-69.670521,44.548684,,,Citizen Survey 2021
26,-69.641126,44.57523,Oak,Ornamental,Citizen Survey 2021
27,-69.641126,44.57523,Birch,Ornamental,Citizen Survey 2021
28,-69.661749,44.544553,Pear,Fruiting / Flowering,Citizen Survey 2021
29,-69.661749,44.544553,Hawthorn,Fruiting / Flowering,Citizen Survey 2021
30,-69.670521,44.548684,,,Citizen Survey 2021
31,-69.662876,44.545136,Birch,Ornamental,Citizen Survey 2021
32,-69.662876,44.545136,Apple,Fruiting / Flowering,Citizen Survey 2021
33,-69.662876,44.545136,Crabapple,Fruiting / Flowering,Citizen Survey 2021
34,-69.661131,44.543841,,,Citizen Survey 2021
35,-69.660988,44.544544,Ash,Ornamental,Citizen Survey 2021
36,-69.659686,44.546348,Oak,Ornamental,Citizen Survey 2021
37,-69.659686,44.546348,Maple,Ornamental,Citizen Survey 2021
38,-69.659686,44.546348,Birch,Ornamental,Citizen Survey 2021
39,-69.648421,44.56697,,,Citizen Survey 2021
40,-69.658142,44.546195,,,Citizen Survey 2021
41,-69.655729,44.549882,Oak,Ornamental,Citizen Survey 2021
42,-69.655365,44.548844,Oak,Ornamental,Citizen Survey 2021
43,-69.655365,44.548844,Birch,Ornamental,Citizen Survey 2021
44,-69.655365,44.548844,Apple,Fruiting / Flowering,Citizen Survey 2021
45,-69.655365,44.548844,Crabapple,Fruiting / Flowering,Citizen Survey 2021
46,-69.660032,44.547426,Oak,Ornamental,Citizen Survey 2021
47,-69.660032,44.547426,Maple,Ornamental,Citizen Survey 2021
48,-69.660032,44.547426,Ash,Ornamental,Citizen Survey 2021
49,-69.660802,44.54486,Oak,Ornamental,Citizen Survey 2021
50,-69.660802,44.54486,Birch,Ornamental,Citizen Survey 2021
51,-69.658456,44.546679,Cherry,Fruiting / Flowering,Citizen Survey 2021
52,-69.658456,44.546679,Hawthorn,Fruiting / Flowering,Citizen Survey 2021
53,-69.662991,44.543569,Apple,Fruiting / Flowering,Citizen Survey 2021
54,-69.662991,44.543569,Crabapple,Fruiting / Flowering,Citizen Survey 2021
55,-69.658765,44.547812,,,Citizen Survey 2021
56,-69.657145,44.549833,Crabapple,Fruiting / Flowering,Citizen Survey 2021
57,-69.661074,44.538287,Maple,Ornamental,Citizen Survey 2021
58,-69.661074,44.538287,Birch,Ornamental,Citizen Survey 2021
59,-69.661214,44.537522,Oak,Ornamental,Citizen Survey 2021
60,-69.661214,44.537522,Maple,Ornamental,Citizen Survey 2021
61,-69.661799,44.537256,,,Citizen Survey 2021
62,-69.661322,44.538465,,,Citizen Survey 2021
63,-69.661564,44.537685,Oak,Ornamental,Citizen Survey 2021
64,-69.661564,44.537685,Maple,Ornamental,Citizen Survey 2021
65,-69.663935,44.537501,Crabapple,Fruiting / Flowering,Citizen Survey 2021
66,-69.647373,44.57294,,,Citizen Survey 2021
67,-69.638146,44.549743,,,Citizen Survey 2021
68,-69.654421,44.555066,,,Citizen Survey 2021
69,-69.660287,44.547128,Oak,Ornamental,Citizen Survey 2021
70,-69.660287,44.547128,Birch,Ornamental,Citizen Survey 2021
71,-69.65705,44.539751,Maple,Ornamental,Citizen Survey 2021
72,-69.65705,44.539751,Pear,Fruiting / Flowering,Citizen Survey 2021
73,-69.641926,44.552913,Maple,Ornamental,Citizen Survey 2021
74,-69.641926,44.552913,Crabapple,Fruiting / Flowering,Citizen Survey 2021
75,-69.654996,44.549692,Oak,Ornamental,Citizen Survey 2021
76,-69.654996,44.549692,Maple,Ornamental,Citizen Survey 2021
77,-69.636663,44.539029,,,Citizen Survey 2021
78,-69.652681,44.551506,Birch,Ornamental,Citizen Survey 2021
79,-69.638212,44.55929,Crabapple,Fruiting / Flowering,Citizen Survey 2021
80,-69.661101,44.543418,Oak,Ornamental,Citizen Survey 2021
81,-69.639582,44.555051,,,Citizen Survey 2021
82,-69.641519,44.573693,,,Citizen Survey 2021
83,-69.66126,44.545853,Birch,Ornamental,Citizen Survey 2021
84,-69.66126,44.545853,Crabapple,Fruiting / Flowering,Citizen Survey 2021
85,-69.659267,44.539342,Cherry,Fruiting / Flowering,Citizen Survey 2021
86,-69.6402,44.555124,Oak,Ornamental,Citizen Survey 2021
87,-69.6402,44.555124,Crabapple,Fruiting / Flowering,Citizen Survey 2021
88,-69.637085,44.576554,,,Citizen Survey 2021
89,-69.647681,44.558138,Maple,Ornamental,Citizen Survey 2021
90,-69.647681,44.558138,Crabapple,Fruiting / Flowering,Citizen Survey 2021
91,-69.647021,44.555909,,,Citizen Survey 2021
92,-69.656476,44.549738,Crabapple,Fruiting / Flowering,Citizen Survey 2021
93,-69.645603,44.557555,,,Citizen Survey 2021
94,-69.641329,44.555338,Oak,Ornamental,Citizen Survey 2021
95,-69.641329,44.555338,Pear,Fruiting / Flowering,Citizen Survey 2021
96,-69.646415,44.549539,,,Citizen Survey 2021
97,-69.646404,44.549687,,,Citizen Survey 2021
98,-69.656639,44.550227,Oak,Ornamental,Citizen Survey 2021
99,-69.656639,44.550227,Maple,Ornamental,Citizen Survey 2021
100,-69.656639,44.550227,Birch,Ornamental,Citizen Survey 2021
101,-69.637755,44.541066,,,Citizen Survey 2021
102,-69.650073,44.555266,Apple,Fruiting / Flowering,Citizen Survey 2021
103,-69.650073,44.555266,Crabapple,Fruiting / Flowering,Citizen Survey 2021
104,-69.640596,44.555626,Oak,Ornamental,Citizen Survey 2021
105,-69.640596,44.555626,Crabapple,Fruiting / Flowering,Citizen Survey 2021
106,-69.65439,44.551145,Oak,Ornamental,Citizen Survey 2021
107,-69.637661,44.538807,Oak,Ornamental,Citizen Survey 2021
108,-69.653292,44.554906,Crabapple,Fruiting / Flowering,Citizen Survey 2021
109,-69.659029,44.54054,Pear,Fruiting / Flowering,Citizen Survey 2021
110,-69.659029,44.54054,Cherry,Fruiting / Flowering,Citizen Survey 2021
111,-69.647864,44.546789,Oak,Ornamental,Citizen Survey 2021
112,-69.637144,44.547943,,,Citizen Survey 2021
113,-69.660389,44.547838,Maple,Ornamental,Citizen Survey 2021
114,-69.647114,44.544493,,,Citizen Survey 2021
115,-69.655198,44.542984,,,Citizen Survey 2021
116,-69.661916,44.545358,,,Citizen Survey 2021
117,-69.63307,44.576293,Apple,Fruiting / Flowering,Citizen Survey 2021
118,-69.63307,44.576293,Pear,Fruiting / Flowering,Citizen Survey 2021
119,-69.63307,44.576293,Cherry,Fruiting / Flowering,Citizen Survey 2021
120,-69.651354,44.552747,,,Citizen Survey 2021
121,-69.6482,44.549335,Maple,Ornamental,Citizen Survey 2021
122,-69.636044,44.576402,Maple,Ornamental,Citizen Survey 2021
123,-69.658715,44.546169,Oak,Ornamental,Citizen Survey 2021
124,-69.658715,44.546169,Maple,Ornamental,Citizen Survey 2021
125,-69.658715,44.546169,Apple,Fruiting / Flowering,Citizen Survey 2021
126,-69.668401,44.54925,Oak,Ornamental,Citizen Survey 2021
127,-69.668401,44.54925,Pear,Fruiting / Flowering,Citizen Survey 2021
128,-69.65095,44.541883,,,Citizen Survey 2021
129,-69.647034,44.549161,,,Citizen Survey 2021
130,-69.647286,44.549187,,,Citizen Survey 2021
131,-69.676661,44.516855,,,Citizen Survey 2021
132,-69.642028,44.557585,Apple,Fruiting / Flowering,Citizen Survey 2021
133,-69.642028,44.557585,Pear,Fruiting / Flowering,Citizen Survey 2021
134,-69.651192,44.553423,,,Citizen Survey 2021
135,-69.647596,44.555001,,,Citizen Survey 2021
136,-69.656045,44.551676,Oak,Ornamental,Citizen Survey 2021
137,-69.656045,44.551676,Maple,Ornamental,Citizen Survey 2021
138,-69.656045,44.551676,Crabapple,Fruiting / Flowering,Citizen Survey 2021
139,-69.636208,44.577558,Oak,Ornamental,Citizen Survey 2021
140,-69.636208,44.577558,Apple,Fruiting / Flowering,Citizen Survey 2021
141,-69.636208,44.577558,Crabapple,Fruiting / Flowering,Citizen Survey 2021
142,-69.636208,44.577558,Pear,Fruiting / Flowering,Citizen Survey 2021
143,-69.657362,44.549571,Oak,Ornamental,Citizen Survey 2021
144,-69.657362,44.549571,Birch,Ornamental,Citizen Survey 2021
145,-69.637432,44.574319,Oak,Ornamental,Citizen Survey 2021
146,-69.637432,44.574319,Maple,Ornamental,Citizen Survey 2021
147,-69.637432,44.574319,Apple,Fruiting / Flowering,Citizen Survey 2021
148,-69.637432,44.574319,Crabapple,Fruiting / Flowering,Citizen Survey 2021
149,-69.643683,44.553565,,,Citizen Survey 2021
150,-69.655078,44.550817,Oak,Ornamental,Citizen Survey 2021
151,-69.634238,44.57535,,,Citizen Survey 2021
152,-69.645013,44.553737,,,Citizen Survey 2021
153,-69.642965,44.53925,Oak,Ornamental,Citizen Survey 2021
154,-69.642965,44.53925,Apple,Fruiting / Flowering,Citizen Survey 2021
155,-69.643043,44.543976,,,Citizen Survey 2021
156,-69.635133,44.561562,,,Citizen Survey 2021
157,-69.661397,44.545136,Birch,Ornamental,Citizen Survey 2021
158,-69.637366,44.552133,,,Citizen Survey 2021
159,-69.689079,44.537922,Crabapple,Fruiting / Flowering,Citizen Survey 2021
160,-69.626889,44.5707,,,Citizen Survey 2021
161,-69.640901,44.542723,,,Citizen Survey 2021
162,-69.654962,44.543233,,,Citizen Survey 2021
163,-69.639648,44.551256,,,Citizen Survey 2021
164,-69.637837,44.552562,Crabapple,Fruiting / Flowering,Citizen Survey 2021
165,-69.658721,44.540011,,,Citizen Survey 2021
166,-69.657098,44.546286,,,Citizen Survey 2021
167,-69.638273,44.540622,,,Citizen Survey 2021
168,-69.649545,44.545123,,,Citizen Survey 2021
169,-69.640406,44.557256,Oak,Ornamental,Citizen Survey 2021
170,-69.673414,44.547992,Maple,Ornamental,Citizen Survey 2021
171,-69.673414,44.547992,Birch,Ornamental,Citizen Survey 2021
172,-69.639093,44.552938,,,Citizen Survey 2021
173,-69.669347,44.549533,Ash,Ornamental,Citizen Survey 2021
174,-69.680826,44.506117,Apple,Fruiting / Flowering,Citizen Survey 2021
175,-69.65652,44.54687,,,Citizen Survey 2021
176,-69.648662,44.548351,Oak,Ornamental,Citizen Survey 2021
177,-69.648662,44.548351,Maple,Ornamental,Citizen Survey 2021
178,-69.648662,44.548351,Birch,Ornamental,Citizen Survey 2021
179,-69.648662,44.548351,Apple,Fruiting / Flowering,Citizen Survey 2021
180,-69.648662,44.548351,Pear,Fruiting / Flowering,Citizen Survey 2021
181,-69.654746,44.548681,Oak,Ornamental,Citizen Survey 2021
182,-69.645876,44.550248,,,Citizen Survey 2021
183,-69.641345,44.561941,,,Citizen Survey 2021
184,-69.64218,44.56281,,,Citizen Survey 2021
185,-69.638232,44.578402,Oak,Ornamental,Citizen Survey 2021
186,-69.638232,44.578402,Apple,Fruiting / Flowering,Citizen Survey 2021
187,-69.638232,44.578402,Crabapple,Fruiting / Flowering,Citizen Survey 2021
188,-69.638232,44.578402,Pear,Fruiting / Flowering,Citizen Survey 2021
189,-69.638232,44.578402,Cherry,Fruiting / Flowering,Citizen Survey 2021
190,-69.638232,44.578402,Serviceberry,Ornamental,Citizen Survey 2021
191,-69.655002,44.545128,Ash,Ornamental,Citizen Survey 2021
192,-69.655002,44.545128,Cherry,Fruiting / Flowering,Citizen Survey 2021
193,-69.649959,44.546692,,,Citizen Survey 2021
194,-69.638543,44.5803,,,Citizen Survey 2021
195,-69.646256,44.549954,,,Citizen Survey 2021
196,-69.657846,44.545593,Oak,Ornamental,Citizen Survey 2021
197,-69.65589,44.545744,,,Citizen Survey 2021
198,-69.658909,44.547235,,,Citizen Survey 2021
199,-69.656928,44.546274,Oak,Ornamental,Citizen Survey 2021
200,-69.661223,44.537524,Oak,Ornamental,Citizen Survey 2021
201,-69.661223,44.537524,Crabapple,Fruiting / Flowering,Citizen Survey 2021
202,-69.647874,44.538664,,,Citizen Survey 2021
203,-69.656636,44.532596,Oak,Ornamental,Citizen Survey 2021
204,-69.656636,44.532596,Maple,Ornamental,Citizen Survey 2021
205,-69.638006,44.560578,,,Citizen Survey 2021
206,-69.645117,44.553404,,,Citizen Survey 2021
207,-69.654103,44.555869,,,Citizen Survey 2021
208,-69.63323,44.562549,,,Citizen Survey 2021
209,-69.675013,44.548491,Apple,Fruiting / Flowering,Citizen Survey 2021
210,-69.675013,44.548491,Pear,Fruiting / Flowering,Citizen Survey 2021
211,-69.653161,44.553299,,,Citizen Survey 2021
212,-69.639236,44.561895,,,Citizen Survey 2021
213,-69.672021,44.552132,Oak,Ornamental,Citizen Survey 2021
214,-69.672021,44.552132,Cherry,Fruiting / Flowering,Citizen Survey 2021
215,-69.637363,44.560474,,,Citizen Survey 2021
216,-69.655654,44.540947,,,Citizen Survey 2021
217,-69.631943,44.559991,,,Citizen Survey 2021
218,-69.655624,44.555693,Apple,Fruiting / Flowering,Citizen Survey 2021
219,-69.647618,44.556441,,,Citizen Survey 2021
220,-69.656036,44.545311,,,Citizen Survey 2021
221,-69.640557,44.561829,,,Citizen Survey 2021
222,-69.656372,44.544976,Apple,Fruiting / Flowering,Citizen Survey 2021
223,-69.671433,44.521261,,,Citizen Survey 2021
224,-69.644969,44.562835,,,Citizen Survey 2021
225,-69.641631,44.555881,Oak,Ornamental,Citizen Survey 2021
226,-69.641631,44.555881,Apple,Fruiting / Flowering,Citizen Survey 2021
227,-69.642145,44.539655,,,Citizen Survey 2021
228,-69.646082,44.549005,Oak,Ornamental,Citizen Survey 2021
229,-69.635969,44.561413,,,Citizen Survey 2021
230,-69.645345,44.540483,,,Citizen Survey 2021
231,-69.654741,44.554438,,,Citizen Survey 2021
232,-69.639772,44.555104,,,Citizen Survey 2021
233,-69.634679,44.560921,,,Citizen Survey 2021
234,-69.673268,44.52102,,,Citizen Survey 2021
235,-69.649965,44.544391,Apple,Fruiting / Flowering,Citizen Survey 2021
236,-69.64021,44.550267,,,Citizen Survey 2021
237,-69.642826,44.563184,,,Citizen Survey 2021
238,-69.636513,44.575513,,,Citizen Survey 2021
239,-69.659131,44.536218,Oak,Ornamental,Citizen Survey 2021
240,-69.659131,44.536218,Ash,Ornamental,Citizen Survey 2021
241,-69.651375,44.554601,,,Citizen Survey 2021
242,-69.635279,44.551276,,,Citizen Survey 2021
243,-69.659389,44.54734,Oak,Ornamental,Citizen Survey 2021
244,-69.659389,44.54734,Maple,Ornamental,Citizen Survey 2021
245,-69.659389,44.54734,Birch,Ornamental,Citizen Survey 2021
246,-69.659389,44.54734,Crabapple,Fruiting / Flowering,Citizen Survey 2021
247,-69.659389,44.54734,Cherry,Fruiting / Flowering,Citizen Survey 2021
248,-69.63794,44.550486,,,Citizen Survey 2021
249,-69.64134,44.562643,,,Citizen Survey 2021
250,-69.641268,44.556081,Cherry,Fruiting / Flowering,Citizen Survey 2021
251,-69.654447,44.547877,,,Citizen Survey 2021
252,-69.674377,44.552834,,,Citizen Survey 2021
253,-69.634901,44.575544,,,Citizen Survey 2021
254,-69.652952,44.553764,Maple,Ornamental,Citizen Survey 2021
255,-69.713565,44.513763,,,Citizen Survey 2021
256,-69.628029,44.564896,,,Citizen Survey 2021
257,-69.658623,44.535227,,,Citizen Survey 2021
258,-69.651814,44.548824,,,Citizen Survey 2021
259,-69.664057,44.543793,Apple,Fruiting / Flowering,Citizen Survey 2021
260,-69.664057,44.543793,Crabapple,Fruiting / Flowering,Citizen Survey 2021
261,-69.664057,44.543793,Hawthorn,Fruiting / Flowering,Citizen Survey 2021
262,-69.668398,44.549403,Oak,Ornamental,Citizen Survey 2021
263,-69.668398,44.549403,Maple,Ornamental,Citizen Survey 2021
264,-69.668398,44.549403,Ash,Ornamental,Citizen Survey 2021
265,-69.668398,44.549403,Birch,Ornamental,Citizen Survey 2021
266,-69.668398,44.549403,Crabapple,Fruiting / Flowering,Citizen Survey 2021
267,-69.650917,44.552524,,,Citizen Survey 2021
268,-69.635747,44.542774,,,Citizen Survey 2021
269,-69.645608,44.548256,,,Citizen Survey 2021
270,-69.641892,44.556073,,,Citizen Survey 2021
271,-69.655127,44.554616,Oak,Ornamental,Citizen Survey 2021
272,-69.641385,44.572983,,,Citizen Survey 2021
273,-69.628631,44.529517,,,Citizen Survey 2021
274,-69.63632,44.554893,Cherry,Fruiting / Flowering,Citizen Survey 2021
275,-69.638445,44.555269,,,Citizen Survey 2021
276,-69.637729,44.550798,,,Citizen Survey 2021
277,-69.655512,44.532841,Crabapple,Fruiting / Flowering,Citizen Survey 2021
278,-69.645482,44.557979,,,Citizen Survey 2021
279,-69.659813,44.543642,Oak,Ornamental,Citizen Survey 2021
280,-69.630627,44.551787,Ash,Ornamental,Citizen Survey 2021
281,-69.630627,44.551787,Crabapple,Fruiting / Flowering,Citizen Survey 2021
282,-69.639593,44.555451,Apple,Fruiting / Flowering,Citizen Survey 2021
283,-69.644782,44.550975,Crabapple,Fruiting / Flowering,Citizen Survey 2021
284,-69.642801,44.543793,Oak,Ornamental,Citizen Survey 2021
285,-69.659022,44.545474,Oak,Ornamental,Citizen Survey 2021
286,-69.659022,44.545474,Apple,Fruiting / Flowering,Citizen Survey 2021
287,-69.714351,44.514712,Maple,Ornamental,Citizen Survey 2021
288,-69.67041,44.544561,Maple,Ornamental,Citizen Survey 2021
289,-69.67041,44.544561,Cherry,Fruiting / Flowering,Citizen Survey 2021
290,-69.658989,44.540383,Apple,Fruiting / Flowering,Citizen Survey 2021
291,-69.658989,44.540383,Cherry,Fruiting / Flowering,Citizen Survey 2021
292,-69.649152,44.548888,,,Citizen Survey 2021
293,-69.669037,44.548877,,,Citizen Survey 2021
294,-69.639072,44.563043,Crabapple,Fruiting / Flowering,Citizen Survey 2021
295,-69.636633,44.543193,Apple,Fruiting / Flowering,Citizen Survey 2021
296,-69.674516,44.550195,,,Citizen Survey 2021
297,-69.66183,44.546088,Oak,Ornamental,Citizen Survey 2021
298,-69.66183,44.546088,Birch,Ornamental,Citizen Survey 2021
299,-69.668389,44.549337,Oak,Ornamental,Citizen Survey 2021
300,-69.668389,44.549337,Ash,Ornamental,Citizen Survey 2021
301,-69.668389,44.549337,Crabapple,Fruiting / Flowering,Citizen Survey 2021
302,-69.645203,44.543581,Oak,Ornamental,Citizen Survey 2021
303,-69.645203,44.543581,Maple,Ornamental,Citizen Survey 2021
304,-69.645203,44.543581,Birch,Ornamental,Citizen Survey 2021
305,-69.645203,44.543581,Apple,Fruiting / Flowering,Citizen Survey 2021
306,-69.635651,44.557638,,,Citizen Survey 2021
307,-69.637756,44.574578,Crabapple,Fruiting / Flowering,Citizen Survey 2021
308,-69.636521,44.559506,,,Citizen Survey 2021
309,-69.668583,44.549321,Oak,Ornamental,Citizen Survey 2021
310,-69.668583,44.549321,Ash,Ornamental,Citizen Survey 2021
311,-69.668583,44.549321,Apple,Fruiting / Flowering,Citizen Survey 2021
312,-69.668583,44.549321,Crabapple,Fruiting / Flowering,Citizen Survey 2021
313,-69.633289,44.558736,,,Citizen Survey 2021
314,-69.644682,44.555094,Oak,Ornamental,Citizen Survey 2021
315,-69.632085,44.562042,,,Citizen Survey 2021
316,-69.635022,44.544349,,,Citizen Survey 2021
317,-69.664114,44.538296,,,Citizen Survey 2021
318,-69.639209,44.560075,,,Citizen Survey 2021
319,-69.657731,44.547115,,,Citizen Survey 2021
320,-69.639883,44.550849,Crabapple,Fruiting / Flowering,Citizen Survey 2021
321,-69.67736,44.510936,Crabapple,Fruiting / Flowering,Citizen Survey 2021
322,-69.641568,44.561611,,,Citizen Survey 2021
323,-69.637193,44.540885,,,Citizen Survey 2021
324,-69.635739,44.55477,,,Citizen Survey 2021
325,-69.642751,44.575248,Crabapple,Fruiting / Flowering,Citizen Survey 2021
326,-69.654463,44.5358,,,Citizen Survey 2021
327,-69.655159,44.55124,Oak,Ornamental,Citizen Survey 2021
328,-69.655159,44.55124,Maple,Ornamental,Citizen Survey 2021
329,-69.655159,44.55124,Ash,Ornamental,Citizen Survey 2021
330,-69.633816,44.559679,,,Citizen Survey 2021
331,-69.646765,44.557887,,,Citizen Survey 2021
332,-69.639117,44.540127,,,Citizen Survey 2021
333,-69.661126,44.538431,,,Citizen Survey 2021
334,-69.650274,44.581206,,,Citizen Survey 2021
335,-69.640848,44.570596,Birch,Ornamental,Citizen Survey 2021
336,-69.640848,44.570596,Apple,Fruiting / Flowering,Citizen Survey 2021
337,-69.640848,44.570596,Crabapple,Fruiting / Flowering,Citizen Survey 2021
338,-69.640848,44.570596,Serviceberry,Ornamental,Citizen Survey 2021
339,-69.656337,44.550765,Oak,Ornamental,Citizen Survey 2021
340,-69.656337,44.550765,Maple,Ornamental,Citizen Survey 2021
341,-69.644374,44.556239,,,Citizen Survey 2021
342,-69.64969,44.543475,,,Citizen Survey 2021
343,-69.657779,44.540192,Maple,Ornamental,Citizen Survey 2021
344,-69.657586,44.543767,,,Citizen Survey 2021
345,-69.655425,44.550847,,,Citizen Survey 2021
346,-69.642683,44.558175,Oak,Ornamental,Citizen Survey 2021
347,-69.63492,44.546047,,,Citizen Survey 2021
348,-69.693755,44.534766,,,Citizen Survey 2021
349,-69.63015,44.557187,Crabapple,Fruiting / Flowering,Citizen Survey 2021
350,-69.650029,44.554123,Crabapple,Fruiting / Flowering,Citizen Survey 2021
351,-69.674505,44.549777,Oak,Ornamental,Citizen Survey 2021
352,-69.642501,44.556389,Oak,Ornamental,Citizen Survey 2021
353,-69.642501,44.556389,Maple,Ornamental,Citizen Survey 2021
354,-69.638816,44.561528,Serviceberry,Ornamental,Citizen Survey 2021
355,-69.658118,44.535126,,,Citizen Survey 2021
356,-69.641362,44.559779,,,Citizen Survey 2021
357,-69.65535,44.549821,Oak,Ornamental,Citizen Survey 2021
358,-69.65535,44.549821,Maple,Ornamental,Citizen Survey 2021
359,-69.65535,44.549821,Crabapple,Fruiting / Flowering,Citizen Survey 2021
360,-69.674461,44.511651,Apple,Fruiting / Flowering,Citizen Survey 2021
361,-69.674461,44.511651,Crabapple,Fruiting / Flowering,Citizen Survey 2021
362,-69.674461,44.511651,Pear,Fruiting / Flowering,Citizen Survey 2021
363,-69.674461,44.511651,Cherry,Fruiting / Flowering,Citizen Survey 2021
364,-69.674461,44.511651,Serviceberry,Ornamental,Citizen Survey 2021
365,-69.657976,44.547677,,,Citizen Survey 2021
366,-69.65187,44.547027,,,Citizen Survey 2021
367,-69.663514,44.536972,Oak,Ornamental,Citizen Survey 2021
368,-69.663514,44.536972,Crabapple,Fruiting / Flowering,Citizen Survey 2021
369,-69.637476,44.554747,,,Citizen Survey 2021
370,-69.66986,44.52294,,,Citizen Survey 2021
371,-69.639981,44.550646,Birch,Ornamental,Citizen Survey 2021
372,-69.647368,44.542394,,,Citizen Survey 2021
373,-69.644547,44.556499,,,Citizen Survey 2021
374,-69.660478,44.540163,,,Citizen Survey 2021
375,-69.653753,44.554778,Apple,Fruiting / Flowering,Citizen Survey 2021
376,-69.637223,44.546493,,,Citizen Survey 2021
377,-69.638723,44.562249,,,Citizen Survey 2021
378,-69.672799,44.554095,Oak,Ornamental,Citizen Survey 2021
379,-69.672799,44.554095,Maple,Ornamental,Citizen Survey 2021
380,-69.672799,44.554095,Ash,Ornamental,Citizen Survey 2021
381,-69.672799,44.554095,Birch,Ornamental,Citizen Survey 2021
382,-69.672799,44.554095,Apple,Fruiting / Flowering,Citizen Survey 2021
383,-69.672799,44.554095,Pear,Fruiting / Flowering,Citizen Survey 2021
384,-69.640287,44.550955,,,Citizen Survey 2021
385,-69.627258,44.566399,,,Citizen Survey 2021
386,-69.617809,44.554321,Oak,Ornamental,Citizen Survey 2021
387,-69.617809,44.554321,Maple,Ornamental,Citizen Survey 2021
388,-69.637834,44.552364,,,Citizen Survey 2021
389,-69.658342,44.547733,Maple,Ornamental,Citizen Survey 2021
390,-69.658342,44.547733,Cherry,Fruiting / Flowering,Citizen Survey 2021
391,-69.658566,44.545823,Oak,Ornamental,Citizen Survey 2021
392,-69.658566,44.545823,Crabapple,Fruiting / Flowering,Citizen Survey 2021
393,-69.641433,44.536094,Oak,Ornamental,Citizen Survey 2021
394,-69.641433,44.536094,Crabapple,Fruiting / Flowering,Citizen Survey 2021
395,-69.641433,44.536094,Cherry,Fruiting / Flowering,Citizen Survey 2021
396,-69.657623,44.547598,Birch,Ornamental,Citizen Survey 2021
397,-69.650101,44.550958,,,Citizen Survey 2021
398,-69.652325,44.542145,Maple,Ornamental,Citizen Survey 2021
399,-69.652325,44.542145,Crabapple,Fruiting / Flowering,Citizen Survey 2021
400,-69.628121,44.564612,Apple,Fruiting / Flowering,Citizen Survey 2021
401,-69.652271,44.554187,Oak,Ornamental,Citizen Survey 2021
402,-69.652271,44.554187,Maple,Ornamental,Citizen Survey 2021
403,-69.638682,44.576297,Maple,Ornamental,Citizen Survey 2021
404,-69.638682,44.576297,Apple,Fruiting / Flowering,Citizen Survey 2021
405,-69.643165,44.56253,,,Citizen Survey 2021
406,-69.641127,44.558161,,,Citizen Survey 2021
407,-69.64557,44.551078,Crabapple,Fruiting / Flowering,Citizen Survey 2021
408,-69.645423,44.556049,Crabapple,Fruiting / Flowering,Citizen Survey 2021
409,-69.651458,44.583999,Ash,Ornamental,Citizen Survey 2021
410,-69.651458,44.583999,Apple,Fruiting / Flowering,Citizen Survey 2021
411,-69.651458,44.583999,Crabapple,Fruiting / Flowering,Citizen Survey 2021
412,-69.651458,44.583999,Pear,Fruiting / Flowering,Citizen Survey 2021
413,-69.660137,44.537833,Oak,Ornamental,Citizen Survey 2021
414,-69.660137,44.537833,Maple,Ornamental,Citizen Survey 2021
415,-69.660137,44.537833,Birch,Ornamental,Citizen Survey 2021
416,-69.635415,44.57528,Birch,Ornamental,Citizen Survey 2021
417,-69.635415,44.57528,Crabapple,Fruiting / Flowering,Citizen Survey 2021
418,-69.638878,44.548789,,,Citizen Survey 2021
419,-69.631768,44.548437,,,Citizen Survey 2021
420,-69.650531,44.581713,Oak,Ornamental,Citizen Survey 2021
421,-69.627805,44.56569,,,Citizen Survey 2021
422,-69.647373,44.57294,Oak,Ornamental,Citizen Survey 2021
423,-69.647373,44.57294,Maple,Ornamental,Citizen Survey 2021
424,-69.637476,44.554747,Maple,Ornamental,Citizen Survey 2021
425,-69.656161,44.551369,Oak,Ornamental,Citizen Survey 2021
426,-69.656161,44.551369,Maple,Ornamental,Citizen Survey 2021
427,-69.656161,44.551369,Birch,Ornamental,Citizen Survey 2021
428,-69.650842,44.554226,,,Citizen Survey 2021
429,-69.637468,44.555139,,,Citizen Survey 2021
430,-69.639806,44.552497,Oak,Ornamental,Citizen Survey 2021
431,-69.639806,44.552497,Maple,Ornamental,Citizen Survey 2021
432,-69.639806,44.552497,Ash,Ornamental,Citizen Survey 2021
433,-69.640182,44.551154,Maple,Ornamental,Citizen Survey 2021
434,-69.647373,44.57294,Oak,Ornamental,Citizen Survey 2021
435,-69.647373,44.57294,Maple,Ornamental,Citizen Survey 2021
436,-69.655619,44.550233,Oak,Ornamental,Citizen Survey 2021
437,-69.655619,44.550233,Maple,Ornamental,Citizen Survey 2021
438,-69.625076,44.568972,,,Citizen Survey 2021
439,-69.65633,44.5499,Oak,Ornamental,Citizen Survey 2021
440,-69.65633,44.5499,Birch,Ornamental,Citizen Survey 2021
441,-69.65568,44.53437,Crabapple,Fruiting / Flowering,Citizen Survey 2021
442,-69.65601,44.53378,Oak,Ornamental,Citizen Survey 2021
443,-69.65601,44.53378,Apple,Fruiting / Flowering,Citizen Survey 2021
444,-69.63965,44.55899,Oak,Ornamental,Citizen Survey 2021
445,-69.63965,44.55899,Maple,Ornamental,Citizen Survey 2021
446,-69.63965,44.55899,Ash,Ornamental,Citizen Survey 2021
447,-69.63965,44.55899,Crabapple,Fruiting / Flowering,Citizen Survey 2021
448,-69.67416,44.54855,Oak,Ornamental,Citizen Survey 2021
449,-69.6613049,44.5464554,,,Citizen Survey 2021
450,-69.6610623,44.5467089,,,Citizen Survey 2021
451,-69.6557809,44.5562056,,,Citizen Survey 2021
452,-69.6544947,44.5566046,,,Citizen Survey 2021
453,-69.6765813,44.550228,,,Citizen Survey 2021
454,-69.6429653,44.53925,,,Citizen Survey 2021
455,-69.6519612,44.5546655,,,Citizen Survey 2021
456,-69.6592533,44.5459271,,,Citizen Survey 2021
457,-69.6623593,44.54563,,,Citizen Survey 2021
458,-69.65958,44.546992,,,Citizen Survey 2021
459,-69.6400932,44.5545526,,,Citizen Survey 2021
460,-69.641001,44.555568,,,Citizen Survey 2021
461,-69.6599706,44.5470213,,,Citizen Survey 2021
462,-69.6587647,44.5478115,,,Citizen Survey 2021
463,-69.6579763,44.5476765,,,Citizen Survey 2021
464,-69.6581422,44.5461946,,,Citizen Survey 2021
465,-69.6626245,44.5445932,,,Citizen Survey 2021
466,-69.6623124,44.5448246,,,Citizen Survey 2021
467,-69.6528622,44.5541787,,,Citizen Survey 2021
468,-69.6743767,44.5528338,,,Citizen Survey 2021
469,-69.6549964,44.5496922,,,Citizen Survey 2021
470,-69.655564,44.5548339,,,Citizen Survey 2021
471,-69.6610908,44.5442195,,,Citizen Survey 2021
472,-69.6384453,44.5552685,,,Citizen Survey 2021
473,-69.6623593,44.54563,,,Citizen Survey 2021
474,-69.6720205,44.552132,,,Citizen Survey 2021
475,-69.6407775,44.5561062,,,Citizen Survey 2021
